wav_name,firstn
181204-130002-437599-806141979.wav,181204-130002
181204-143002-437599-806141979.wav,181204-143002
181204-160002-437599-806141979.wav,181204-160002
181204-173002-437599-806141979.wav,181204-173002
181204-190002-437599-806141979.wav,181204-190002
181204-203002-437599-806141979.wav,181204-203002
181204-220002-437599-806141979.wav,181204-220002
181204-233002-437599-806141979.wav,181204-233002
181205-010002-437599-806141979.wav,181205-010002
181205-023002-437599-806141979.wav,181205-023002
181205-040002-437599-806141979.wav,181205-040002
181205-053002-437599-806141979.wav,181205-053002
181205-070002-437599-806141979.wav,181205-070002
181205-083002-437599-806141979.wav,181205-083002
181205-100002-437599-806141979.wav,181205-100002
181205-113002-437599-806141979.wav,181205-113002
181205-130002-437599-806141979.wav,181205-130002
181205-143002-437599-806141979.wav,181205-143002
181205-160002-437599-806141979.wav,181205-160002
181205-173002-437599-806141979.wav,181205-173002
181205-190002-437599-806141979.wav,181205-190002
181205-203002-437599-806141979.wav,181205-203002
181205-220002-437599-806141979.wav,181205-220002
181205-233002-437599-806141979.wav,181205-233002
181206-010002-437599-806141979.wav,181206-010002
181206-023002-437599-806141979.wav,181206-023002
181206-040002-437599-806141979.wav,181206-040002
181206-053002-437599-806141979.wav,181206-053002
181206-070002-437599-806141979.wav,181206-070002
181206-083002-437599-806141979.wav,181206-083002
181206-100002-437599-806141979.wav,181206-100002
181206-113002-437599-806141979.wav,181206-113002
181206-130002-437599-806141979.wav,181206-130002
181206-143002-437599-806141979.wav,181206-143002
181206-160002-437599-806141979.wav,181206-160002
181206-173002-437599-806141979.wav,181206-173002
181206-190002-437599-806141979.wav,181206-190002
181206-203002-437599-806141979.wav,181206-203002
181206-220002-437599-806141979.wav,181206-220002
181206-233002-437599-806141979.wav,181206-233002
181207-010002-437599-806141979.wav,181207-010002
181207-023002-437599-806141979.wav,181207-023002
181207-040002-437599-806141979.wav,181207-040002
181207-053002-437599-806141979.wav,181207-053002
181207-070002-437599-806141979.wav,181207-070002
181207-083002-437599-806141979.wav,181207-083002
181207-100002-437599-806141979.wav,181207-100002
181207-113002-437599-806141979.wav,181207-113002
181207-130002-437599-806141979.wav,181207-130002
181207-143002-437599-806141979.wav,181207-143002
181207-160002-437599-806141979.wav,181207-160002
181207-173002-437599-806141979.wav,181207-173002
181207-190002-437599-806141979.wav,181207-190002
181207-203002-437599-806141979.wav,181207-203002
181207-220002-437599-806141979.wav,181207-220002
181207-233002-437599-806141979.wav,181207-233002
181208-010002-437599-806141979.wav,181208-010002
181208-023002-437599-806141979.wav,181208-023002
181208-040002-437599-806141979.wav,181208-040002
181208-053002-437599-806141979.wav,181208-053002
181208-070002-437599-806141979.wav,181208-070002
181208-083002-437599-806141979.wav,181208-083002
181208-100002-437599-806141979.wav,181208-100002
181208-113002-437599-806141979.wav,181208-113002
181208-130002-437599-806141979.wav,181208-130002
181208-143002-437599-806141979.wav,181208-143002
181208-160002-437599-806141979.wav,181208-160002
181208-173002-437599-806141979.wav,181208-173002
181208-190002-437599-806141979.wav,181208-190002
181208-203002-437599-806141979.wav,181208-203002
181208-220002-437599-806141979.wav,181208-220002
181208-233002-437599-806141979.wav,181208-233002
181209-010002-437599-806141979.wav,181209-010002
181209-023002-437599-806141979.wav,181209-023002
181209-040002-437599-806141979.wav,181209-040002
181209-053002-437599-806141979.wav,181209-053002
181209-070002-437599-806141979.wav,181209-070002
181209-083002-437599-806141979.wav,181209-083002
181209-100002-437599-806141979.wav,181209-100002
181209-113002-437599-806141979.wav,181209-113002
181209-130002-437599-806141979.wav,181209-130002
181209-143002-437599-806141979.wav,181209-143002
181209-160002-437599-806141979.wav,181209-160002
181209-173002-437599-806141979.wav,181209-173002
181209-190002-437599-806141979.wav,181209-190002
181209-203002-437599-806141979.wav,181209-203002
181209-220002-437599-806141979.wav,181209-220002
181209-233002-437599-806141979.wav,181209-233002
181210-010002-437599-806141979.wav,181210-010002
181210-023002-437599-806141979.wav,181210-023002
181210-040002-437599-806141979.wav,181210-040002
181210-053002-437599-806141979.wav,181210-053002
181210-070002-437599-806141979.wav,181210-070002
181210-083002-437599-806141979.wav,181210-083002
181210-100002-437599-806141979.wav,181210-100002
181210-113002-437599-806141979.wav,181210-113002
181210-130002-437599-806141979.wav,181210-130002
181210-143002-437599-806141979.wav,181210-143002
181210-160002-437599-806141979.wav,181210-160002
181210-173002-437599-806141979.wav,181210-173002
181210-190002-437599-806141979.wav,181210-190002
181210-203002-437599-806141979.wav,181210-203002
181210-220002-437599-806141979.wav,181210-220002
181210-233002-437599-806141979.wav,181210-233002
181211-010002-437599-806141979.wav,181211-010002
181211-023002-437599-806141979.wav,181211-023002
181211-040002-437599-806141979.wav,181211-040002
181211-053002-437599-806141979.wav,181211-053002
181211-070002-437599-806141979.wav,181211-070002
181211-083002-437599-806141979.wav,181211-083002
181211-100002-437599-806141979.wav,181211-100002
181211-113002-437599-806141979.wav,181211-113002
181211-130002-437599-806141979.wav,181211-130002
181211-143002-437599-806141979.wav,181211-143002
181211-160002-437599-806141979.wav,181211-160002
181211-173002-437599-806141979.wav,181211-173002
181211-190002-437599-806141979.wav,181211-190002
181211-203002-437599-806141979.wav,181211-203002
181211-220002-437599-806141979.wav,181211-220002
181211-233002-437599-806141979.wav,181211-233002
181212-010002-437599-806141979.wav,181212-010002
181212-023002-437599-806141979.wav,181212-023002
181212-040002-437599-806141979.wav,181212-040002
181212-053002-437599-806141979.wav,181212-053002
181212-070002-437599-806141979.wav,181212-070002
181212-083002-437599-806141979.wav,181212-083002
181212-100002-437599-806141979.wav,181212-100002
181212-113002-437599-806141979.wav,181212-113002
181212-130002-437599-806141979.wav,181212-130002
181212-143002-437599-806141979.wav,181212-143002
181212-160002-437599-806141979.wav,181212-160002
181212-173002-437599-806141979.wav,181212-173002
181212-190002-437599-806141979.wav,181212-190002
181212-203002-437599-806141979.wav,181212-203002
181212-220002-437599-806141979.wav,181212-220002
181212-233002-437599-806141979.wav,181212-233002
181213-010002-437599-806141979.wav,181213-010002
181213-023002-437599-806141979.wav,181213-023002
181213-040002-437599-806141979.wav,181213-040002
181213-053002-437599-806141979.wav,181213-053002
181213-070002-437599-806141979.wav,181213-070002
181213-083002-437599-806141979.wav,181213-083002
181213-100002-437599-806141979.wav,181213-100002
181213-113002-437599-806141979.wav,181213-113002
181213-130002-437599-806141979.wav,181213-130002
181213-143002-437599-806141979.wav,181213-143002
181213-160002-437599-806141979.wav,181213-160002
181213-173002-437599-806141979.wav,181213-173002
181213-190002-437599-806141979.wav,181213-190002
181213-203002-437599-806141979.wav,181213-203002
181213-220002-437599-806141979.wav,181213-220002
181213-233002-437599-806141979.wav,181213-233002
181214-010002-437599-806141979.wav,181214-010002
181214-023002-437599-806141979.wav,181214-023002
181214-040002-437599-806141979.wav,181214-040002
181214-053002-437599-806141979.wav,181214-053002
181214-070002-437599-806141979.wav,181214-070002
181214-083002-437599-806141979.wav,181214-083002
181214-100002-437599-806141979.wav,181214-100002
181214-113002-437599-806141979.wav,181214-113002
181214-130002-437599-806141979.wav,181214-130002
181214-143002-437599-806141979.wav,181214-143002
181214-160002-437599-806141979.wav,181214-160002
181214-173002-437599-806141979.wav,181214-173002
181214-190002-437599-806141979.wav,181214-190002
181214-203002-437599-806141979.wav,181214-203002
181214-220002-437599-806141979.wav,181214-220002
181214-233002-437599-806141979.wav,181214-233002
181215-010002-437599-806141979.wav,181215-010002
181215-023002-437599-806141979.wav,181215-023002
181215-040002-437599-806141979.wav,181215-040002
181215-053002-437599-806141979.wav,181215-053002
181215-070002-437599-806141979.wav,181215-070002
181215-083002-437599-806141979.wav,181215-083002
181215-100002-437599-806141979.wav,181215-100002
181215-113002-437599-806141979.wav,181215-113002
181215-130002-437599-806141979.wav,181215-130002
181215-143002-437599-806141979.wav,181215-143002
181215-160002-437599-806141979.wav,181215-160002
181215-173002-437599-806141979.wav,181215-173002
181215-190002-437599-806141979.wav,181215-190002
181215-203002-437599-806141979.wav,181215-203002
181215-220002-437599-806141979.wav,181215-220002
181215-233002-437599-806141979.wav,181215-233002
181216-010002-437599-806141979.wav,181216-010002
181216-023002-437599-806141979.wav,181216-023002
181216-040002-437599-806141979.wav,181216-040002
181216-053002-437599-806141979.wav,181216-053002
181216-070002-437599-806141979.wav,181216-070002
181216-083002-437599-806141979.wav,181216-083002
181216-100002-437599-806141979.wav,181216-100002
181216-113002-437599-806141979.wav,181216-113002
181216-130002-437599-806141979.wav,181216-130002
181216-143002-437599-806141979.wav,181216-143002
181216-160002-437599-806141979.wav,181216-160002
181216-173002-437599-806141979.wav,181216-173002
181216-190002-437599-806141979.wav,181216-190002
181216-203002-437599-806141979.wav,181216-203002
181216-220002-437599-806141979.wav,181216-220002
181216-233002-437599-806141979.wav,181216-233002
181217-010002-437599-806141979.wav,181217-010002
181217-023002-437599-806141979.wav,181217-023002
181217-040002-437599-806141979.wav,181217-040002
181217-053002-437599-806141979.wav,181217-053002
181217-070002-437599-806141979.wav,181217-070002
181217-083002-437599-806141979.wav,181217-083002
181217-100002-437599-806141979.wav,181217-100002
181217-113002-437599-806141979.wav,181217-113002
181217-130002-437599-806141979.wav,181217-130002
181217-143002-437599-806141979.wav,181217-143002
181217-160002-437599-806141979.wav,181217-160002
181217-173002-437599-806141979.wav,181217-173002
181217-190002-437599-806141979.wav,181217-190002
181217-203002-437599-806141979.wav,181217-203002
181217-220002-437599-806141979.wav,181217-220002
181217-233002-437599-806141979.wav,181217-233002
181218-010002-437599-806141979.wav,181218-010002
181218-023002-437599-806141979.wav,181218-023002
181218-040002-437599-806141979.wav,181218-040002
181218-053002-437599-806141979.wav,181218-053002
181218-070002-437599-806141979.wav,181218-070002
181218-083002-437599-806141979.wav,181218-083002
181218-100002-437599-806141979.wav,181218-100002
181218-113002-437599-806141979.wav,181218-113002
181218-130002-437599-806141979.wav,181218-130002
181218-143002-437599-806141979.wav,181218-143002
181218-160002-437599-806141979.wav,181218-160002
181218-173002-437599-806141979.wav,181218-173002
181218-190002-437599-806141979.wav,181218-190002
181218-203002-437599-806141979.wav,181218-203002
181218-220002-437599-806141979.wav,181218-220002
181218-233002-437599-806141979.wav,181218-233002
181219-010002-437599-806141979.wav,181219-010002
181219-023002-437599-806141979.wav,181219-023002
181219-040002-437599-806141979.wav,181219-040002
181219-053002-437599-806141979.wav,181219-053002
181219-070002-437599-806141979.wav,181219-070002
181219-083002-437599-806141979.wav,181219-083002
181219-100002-437599-806141979.wav,181219-100002
181219-113002-437599-806141979.wav,181219-113002
181219-130002-437599-806141979.wav,181219-130002
181219-143002-437599-806141979.wav,181219-143002
181219-160002-437599-806141979.wav,181219-160002
181219-173002-437599-806141979.wav,181219-173002
181219-190002-437599-806141979.wav,181219-190002
181219-203002-437599-806141979.wav,181219-203002
181219-220002-437599-806141979.wav,181219-220002
181219-233002-437599-806141979.wav,181219-233002
181220-010002-437599-806141979.wav,181220-010002
181220-023002-437599-806141979.wav,181220-023002
181220-040002-437599-806141979.wav,181220-040002
181220-053002-437599-806141979.wav,181220-053002
181220-070002-437599-806141979.wav,181220-070002
181220-083002-437599-806141979.wav,181220-083002
181220-100002-437599-806141979.wav,181220-100002
181220-113002-437599-806141979.wav,181220-113002
181220-130002-437599-806141979.wav,181220-130002
181220-143002-437599-806141979.wav,181220-143002
181220-160002-437599-806141979.wav,181220-160002
181220-173002-437599-806141979.wav,181220-173002
181220-190002-437599-806141979.wav,181220-190002
181220-203002-437599-806141979.wav,181220-203002
181220-220002-437599-806141979.wav,181220-220002
181220-233002-437599-806141979.wav,181220-233002
181221-010002-437599-806141979.wav,181221-010002
181221-023002-437599-806141979.wav,181221-023002
181221-040002-437599-806141979.wav,181221-040002
181221-053002-437599-806141979.wav,181221-053002
181221-070002-437599-806141979.wav,181221-070002
181221-083002-437599-806141979.wav,181221-083002
181221-100002-437599-806141979.wav,181221-100002
181221-113002-437599-806141979.wav,181221-113002
181221-130002-437599-806141979.wav,181221-130002
181221-143002-437599-806141979.wav,181221-143002
181221-160002-437599-806141979.wav,181221-160002
181221-173002-437599-806141979.wav,181221-173002
181221-190002-437599-806141979.wav,181221-190002
181221-203002-437599-806141979.wav,181221-203002
181221-220002-437599-806141979.wav,181221-220002
181221-233002-437599-806141979.wav,181221-233002
181222-010002-437599-806141979.wav,181222-010002
181222-023002-437599-806141979.wav,181222-023002
181222-040002-437599-806141979.wav,181222-040002
181222-053002-437599-806141979.wav,181222-053002
181222-070002-437599-806141979.wav,181222-070002
181222-083002-437599-806141979.wav,181222-083002
181222-100002-437599-806141979.wav,181222-100002
181222-113002-437599-806141979.wav,181222-113002
181222-130002-437599-806141979.wav,181222-130002
181222-143002-437599-806141979.wav,181222-143002
181222-160002-437599-806141979.wav,181222-160002
181222-173002-437599-806141979.wav,181222-173002
181222-190002-437599-806141979.wav,181222-190002
181222-203002-437599-806141979.wav,181222-203002
181222-220002-437599-806141979.wav,181222-220002
181222-233002-437599-806141979.wav,181222-233002
181223-010002-437599-806141979.wav,181223-010002
181223-023002-437599-806141979.wav,181223-023002
181223-040002-437599-806141979.wav,181223-040002
181223-053002-437599-806141979.wav,181223-053002
181223-070002-437599-806141979.wav,181223-070002
181223-083002-437599-806141979.wav,181223-083002
181223-100002-437599-806141979.wav,181223-100002
181223-113002-437599-806141979.wav,181223-113002
181223-130002-437599-806141979.wav,181223-130002
181223-143002-437599-806141979.wav,181223-143002
181223-160002-437599-806141979.wav,181223-160002
181223-173002-437599-806141979.wav,181223-173002
181223-190002-437599-806141979.wav,181223-190002
181223-203002-437599-806141979.wav,181223-203002
181223-220002-437599-806141979.wav,181223-220002
181223-233002-437599-806141979.wav,181223-233002
181224-010002-437599-806141979.wav,181224-010002
181224-023002-437599-806141979.wav,181224-023002
181224-040002-437599-806141979.wav,181224-040002
181224-053002-437599-806141979.wav,181224-053002
181224-070002-437599-806141979.wav,181224-070002
181224-083002-437599-806141979.wav,181224-083002
181224-100002-437599-806141979.wav,181224-100002
181224-113002-437599-806141979.wav,181224-113002
181224-130002-437599-806141979.wav,181224-130002
181224-143002-437599-806141979.wav,181224-143002
181224-160002-437599-806141979.wav,181224-160002
181224-173002-437599-806141979.wav,181224-173002
181224-190002-437599-806141979.wav,181224-190002
181224-203002-437599-806141979.wav,181224-203002
181224-220002-437599-806141979.wav,181224-220002
181224-233002-437599-806141979.wav,181224-233002
181225-010002-437599-806141979.wav,181225-010002
181225-023002-437599-806141979.wav,181225-023002
181225-040002-437599-806141979.wav,181225-040002
181225-053002-437599-806141979.wav,181225-053002
181225-070002-437599-806141979.wav,181225-070002
181225-083002-437599-806141979.wav,181225-083002
181225-100002-437599-806141979.wav,181225-100002
181225-113002-437599-806141979.wav,181225-113002
181225-130002-437599-806141979.wav,181225-130002
181225-143002-437599-806141979.wav,181225-143002
181225-160002-437599-806141979.wav,181225-160002
181225-173002-437599-806141979.wav,181225-173002
181225-190002-437599-806141979.wav,181225-190002
181225-203002-437599-806141979.wav,181225-203002
181225-220002-437599-806141979.wav,181225-220002
181225-233002-437599-806141979.wav,181225-233002
181226-010002-437599-806141979.wav,181226-010002
181226-023002-437599-806141979.wav,181226-023002
181226-040002-437599-806141979.wav,181226-040002
181226-053002-437599-806141979.wav,181226-053002
181226-070002-437599-806141979.wav,181226-070002
181226-083002-437599-806141979.wav,181226-083002
181226-100002-437599-806141979.wav,181226-100002
181226-113002-437599-806141979.wav,181226-113002
181226-130002-437599-806141979.wav,181226-130002
181226-143002-437599-806141979.wav,181226-143002
181226-160002-437599-806141979.wav,181226-160002
181226-173002-437599-806141979.wav,181226-173002
181226-190002-437599-806141979.wav,181226-190002
181226-203002-437599-806141979.wav,181226-203002
181226-220002-437599-806141979.wav,181226-220002
181226-233002-437599-806141979.wav,181226-233002
181227-010002-437599-806141979.wav,181227-010002
181227-023002-437599-806141979.wav,181227-023002
181227-040002-437599-806141979.wav,181227-040002
181227-053002-437599-806141979.wav,181227-053002
181227-070002-437599-806141979.wav,181227-070002
181227-083002-437599-806141979.wav,181227-083002
181227-100002-437599-806141979.wav,181227-100002
181227-113002-437599-806141979.wav,181227-113002
181227-130002-437599-806141979.wav,181227-130002
181227-143002-437599-806141979.wav,181227-143002
181227-160002-437599-806141979.wav,181227-160002
181227-173002-437599-806141979.wav,181227-173002
181227-190002-437599-806141979.wav,181227-190002
181227-203002-437599-806141979.wav,181227-203002
181227-220002-437599-806141979.wav,181227-220002
181227-233002-437599-806141979.wav,181227-233002
181228-010002-437599-806141979.wav,181228-010002
181228-023002-437599-806141979.wav,181228-023002
181228-040002-437599-806141979.wav,181228-040002
181228-053002-437599-806141979.wav,181228-053002
181228-070002-437599-806141979.wav,181228-070002
181228-083002-437599-806141979.wav,181228-083002
181228-100002-437599-806141979.wav,181228-100002
181228-113002-437599-806141979.wav,181228-113002
181228-130002-437599-806141979.wav,181228-130002
181228-143002-437599-806141979.wav,181228-143002
181228-160002-437599-806141979.wav,181228-160002
181228-173002-437599-806141979.wav,181228-173002
181228-190002-437599-806141979.wav,181228-190002
181228-203002-437599-806141979.wav,181228-203002
181228-220002-437599-806141979.wav,181228-220002
181228-233002-437599-806141979.wav,181228-233002
181229-010002-437599-806141979.wav,181229-010002
181229-023002-437599-806141979.wav,181229-023002
181229-040002-437599-806141979.wav,181229-040002
181229-053002-437599-806141979.wav,181229-053002
181229-070002-437599-806141979.wav,181229-070002
181229-083002-437599-806141979.wav,181229-083002
181229-100002-437599-806141979.wav,181229-100002
181229-113002-437599-806141979.wav,181229-113002
181229-130002-437599-806141979.wav,181229-130002
181229-143002-437599-806141979.wav,181229-143002
181229-160002-437599-806141979.wav,181229-160002
181229-173002-437599-806141979.wav,181229-173002
181229-190002-437599-806141979.wav,181229-190002
181229-203002-437599-806141979.wav,181229-203002
181229-220002-437599-806141979.wav,181229-220002
181229-233002-437599-806141979.wav,181229-233002
181230-010002-437599-806141979.wav,181230-010002
181230-023002-437599-806141979.wav,181230-023002
181230-040002-437599-806141979.wav,181230-040002
181230-053002-437599-806141979.wav,181230-053002
181230-070002-437599-806141979.wav,181230-070002
181230-083002-437599-806141979.wav,181230-083002
181230-100002-437599-806141979.wav,181230-100002
181230-113002-437599-806141979.wav,181230-113002
181230-130002-437599-806141979.wav,181230-130002
181230-143002-437599-806141979.wav,181230-143002
181230-160002-437599-806141979.wav,181230-160002
181230-173002-437599-806141979.wav,181230-173002
181230-190002-437599-806141979.wav,181230-190002
181230-203002-437599-806141979.wav,181230-203002
181230-220002-437599-806141979.wav,181230-220002
181230-233002-437599-806141979.wav,181230-233002
181231-010002-437599-806141979.wav,181231-010002
181231-023002-437599-806141979.wav,181231-023002
181231-040002-437599-806141979.wav,181231-040002
181231-053002-437599-806141979.wav,181231-053002
181231-070002-437599-806141979.wav,181231-070002
181231-083002-437599-806141979.wav,181231-083002
181231-100002-437599-806141979.wav,181231-100002
181231-113002-437599-806141979.wav,181231-113002
181231-130002-437599-806141979.wav,181231-130002
181231-143002-437599-806141979.wav,181231-143002
181231-160002-437599-806141979.wav,181231-160002
181231-173002-437599-806141979.wav,181231-173002
181231-190002-437599-806141979.wav,181231-190002
181231-203002-437599-806141979.wav,181231-203002
181231-220002-437599-806141979.wav,181231-220002
181231-233002-437599-806141979.wav,181231-233002
190101-010002-437599-806141979.wav,190101-010002
190101-023002-437599-806141979.wav,190101-023002
190101-040002-437599-806141979.wav,190101-040002
190101-053002-437599-806141979.wav,190101-053002
190101-070002-437599-806141979.wav,190101-070002
190101-083002-437599-806141979.wav,190101-083002
190101-100002-437599-806141979.wav,190101-100002
190101-113002-437599-806141979.wav,190101-113002
190101-130002-437599-806141979.wav,190101-130002
190101-143002-437599-806141979.wav,190101-143002
190101-160002-437599-806141979.wav,190101-160002
190101-173002-437599-806141979.wav,190101-173002
190101-190002-437599-806141979.wav,190101-190002
190101-203002-437599-806141979.wav,190101-203002
190101-220002-437599-806141979.wav,190101-220002
190101-233002-437599-806141979.wav,190101-233002
190102-010002-437599-806141979.wav,190102-010002
190102-023002-437599-806141979.wav,190102-023002
190102-040002-437599-806141979.wav,190102-040002
190102-053002-437599-806141979.wav,190102-053002
190102-070002-437599-806141979.wav,190102-070002
190102-083002-437599-806141979.wav,190102-083002
190102-100002-437599-806141979.wav,190102-100002
190102-113002-437599-806141979.wav,190102-113002
190102-130002-437599-806141979.wav,190102-130002
190102-143002-437599-806141979.wav,190102-143002
190102-160002-437599-806141979.wav,190102-160002
190102-173002-437599-806141979.wav,190102-173002
190102-190002-437599-806141979.wav,190102-190002
190102-203002-437599-806141979.wav,190102-203002
190102-220002-437599-806141979.wav,190102-220002
190102-233002-437599-806141979.wav,190102-233002
190103-010002-437599-806141979.wav,190103-010002
190103-023002-437599-806141979.wav,190103-023002
190103-040002-437599-806141979.wav,190103-040002
190103-053002-437599-806141979.wav,190103-053002
190103-070002-437599-806141979.wav,190103-070002
190103-083002-437599-806141979.wav,190103-083002
190103-100002-437599-806141979.wav,190103-100002
190103-113002-437599-806141979.wav,190103-113002
190103-130002-437599-806141979.wav,190103-130002
190103-143002-437599-806141979.wav,190103-143002
190103-160002-437599-806141979.wav,190103-160002
190103-173002-437599-806141979.wav,190103-173002
190103-190002-437599-806141979.wav,190103-190002
190103-203002-437599-806141979.wav,190103-203002
190103-220002-437599-806141979.wav,190103-220002
190103-233002-437599-806141979.wav,190103-233002
190104-010002-437599-806141979.wav,190104-010002
190104-023002-437599-806141979.wav,190104-023002
190104-040002-437599-806141979.wav,190104-040002
190104-053002-437599-806141979.wav,190104-053002
190104-070002-437599-806141979.wav,190104-070002
190104-083002-437599-806141979.wav,190104-083002
190104-100002-437599-806141979.wav,190104-100002
190104-113002-437599-806141979.wav,190104-113002
190104-130002-437599-806141979.wav,190104-130002
190104-143002-437599-806141979.wav,190104-143002
190104-160002-437599-806141979.wav,190104-160002
190104-173002-437599-806141979.wav,190104-173002
190104-190002-437599-806141979.wav,190104-190002
190104-203002-437599-806141979.wav,190104-203002
190104-220002-437599-806141979.wav,190104-220002
190104-233002-437599-806141979.wav,190104-233002
190105-010002-437599-806141979.wav,190105-010002
190105-023002-437599-806141979.wav,190105-023002
190105-040002-437599-806141979.wav,190105-040002
190105-053002-437599-806141979.wav,190105-053002
190105-070002-437599-806141979.wav,190105-070002
190105-083002-437599-806141979.wav,190105-083002
190105-100002-437599-806141979.wav,190105-100002
190105-113002-437599-806141979.wav,190105-113002
190105-130002-437599-806141979.wav,190105-130002
190105-143002-437599-806141979.wav,190105-143002
190105-160002-437599-806141979.wav,190105-160002
190105-173002-437599-806141979.wav,190105-173002
190105-190002-437599-806141979.wav,190105-190002
190105-203002-437599-806141979.wav,190105-203002
190105-220002-437599-806141979.wav,190105-220002
190105-233002-437599-806141979.wav,190105-233002
190106-010002-437599-806141979.wav,190106-010002
190106-023002-437599-806141979.wav,190106-023002
190106-040002-437599-806141979.wav,190106-040002
190106-053002-437599-806141979.wav,190106-053002
190106-070002-437599-806141979.wav,190106-070002
190106-083002-437599-806141979.wav,190106-083002
190106-100002-437599-806141979.wav,190106-100002
190106-113002-437599-806141979.wav,190106-113002
190106-130002-437599-806141979.wav,190106-130002
190106-143002-437599-806141979.wav,190106-143002
190106-160002-437599-806141979.wav,190106-160002
190106-173002-437599-806141979.wav,190106-173002
190106-190002-437599-806141979.wav,190106-190002
190106-203002-437599-806141979.wav,190106-203002
190106-220002-437599-806141979.wav,190106-220002
190106-233002-437599-806141979.wav,190106-233002
190107-010002-437599-806141979.wav,190107-010002
190107-023002-437599-806141979.wav,190107-023002
190107-040002-437599-806141979.wav,190107-040002
190107-053002-437599-806141979.wav,190107-053002
190107-070002-437599-806141979.wav,190107-070002
190107-083002-437599-806141979.wav,190107-083002
190107-100002-437599-806141979.wav,190107-100002
190107-113002-437599-806141979.wav,190107-113002
190107-130002-437599-806141979.wav,190107-130002
190107-143002-437599-806141979.wav,190107-143002
190107-160002-437599-806141979.wav,190107-160002
190107-173002-437599-806141979.wav,190107-173002
190107-190002-437599-806141979.wav,190107-190002
190107-203002-437599-806141979.wav,190107-203002
190107-220002-437599-806141979.wav,190107-220002
190107-233002-437599-806141979.wav,190107-233002
190108-010002-437599-806141979.wav,190108-010002
190108-023002-437599-806141979.wav,190108-023002
190108-040002-437599-806141979.wav,190108-040002
190108-053002-437599-806141979.wav,190108-053002
190108-070002-437599-806141979.wav,190108-070002
190108-083002-437599-806141979.wav,190108-083002
190108-100002-437599-806141979.wav,190108-100002
190108-113002-437599-806141979.wav,190108-113002
190108-130002-437599-806141979.wav,190108-130002
190108-143002-437599-806141979.wav,190108-143002
190108-160002-437599-806141979.wav,190108-160002
190108-173002-437599-806141979.wav,190108-173002
190108-190002-437599-806141979.wav,190108-190002
190108-203002-437599-806141979.wav,190108-203002
190108-220002-437599-806141979.wav,190108-220002
190108-233002-437599-806141979.wav,190108-233002
190109-010002-437599-806141979.wav,190109-010002
190109-023002-437599-806141979.wav,190109-023002
190109-040002-437599-806141979.wav,190109-040002
190109-053002-437599-806141979.wav,190109-053002
190109-070002-437599-806141979.wav,190109-070002
190109-083002-437599-806141979.wav,190109-083002
190109-100002-437599-806141979.wav,190109-100002
190109-113002-437599-806141979.wav,190109-113002
190109-130002-437599-806141979.wav,190109-130002
190109-143002-437599-806141979.wav,190109-143002
190109-160002-437599-806141979.wav,190109-160002
190109-173002-437599-806141979.wav,190109-173002
190109-190002-437599-806141979.wav,190109-190002
190109-203002-437599-806141979.wav,190109-203002
190109-220002-437599-806141979.wav,190109-220002
190109-233002-437599-806141979.wav,190109-233002
190110-010002-437599-806141979.wav,190110-010002
190110-023002-437599-806141979.wav,190110-023002
190110-040002-437599-806141979.wav,190110-040002
190110-053002-437599-806141979.wav,190110-053002
190110-070002-437599-806141979.wav,190110-070002
190110-083002-437599-806141979.wav,190110-083002
190110-100002-437599-806141979.wav,190110-100002
190110-113002-437599-806141979.wav,190110-113002
190110-130002-437599-806141979.wav,190110-130002
190110-143002-437599-806141979.wav,190110-143002
190110-160002-437599-806141979.wav,190110-160002
190110-173002-437599-806141979.wav,190110-173002
190110-190002-437599-806141979.wav,190110-190002
190110-203002-437599-806141979.wav,190110-203002
190110-220002-437599-806141979.wav,190110-220002
190110-233002-437599-806141979.wav,190110-233002
190111-010002-437599-806141979.wav,190111-010002
190111-023002-437599-806141979.wav,190111-023002
190111-040002-437599-806141979.wav,190111-040002
190111-053002-437599-806141979.wav,190111-053002
190111-070002-437599-806141979.wav,190111-070002
190111-083002-437599-806141979.wav,190111-083002
190111-100002-437599-806141979.wav,190111-100002
190111-113002-437599-806141979.wav,190111-113002
190111-130002-437599-806141979.wav,190111-130002
190111-143002-437599-806141979.wav,190111-143002
190111-160002-437599-806141979.wav,190111-160002
190111-173002-437599-806141979.wav,190111-173002
190111-190002-437599-806141979.wav,190111-190002
190111-203002-437599-806141979.wav,190111-203002
190111-220002-437599-806141979.wav,190111-220002
190111-233002-437599-806141979.wav,190111-233002
190112-010002-437599-806141979.wav,190112-010002
190112-023002-437599-806141979.wav,190112-023002
190112-040002-437599-806141979.wav,190112-040002
190112-053002-437599-806141979.wav,190112-053002
190112-070002-437599-806141979.wav,190112-070002
190112-083002-437599-806141979.wav,190112-083002
190112-100002-437599-806141979.wav,190112-100002
190112-113002-437599-806141979.wav,190112-113002
190112-130002-437599-806141979.wav,190112-130002
190112-143002-437599-806141979.wav,190112-143002
190112-160002-437599-806141979.wav,190112-160002
190112-173002-437599-806141979.wav,190112-173002
190112-190002-437599-806141979.wav,190112-190002
190112-203002-437599-806141979.wav,190112-203002
190112-220002-437599-806141979.wav,190112-220002
190112-233002-437599-806141979.wav,190112-233002
190113-010002-437599-806141979.wav,190113-010002
190113-023002-437599-806141979.wav,190113-023002
190113-040002-437599-806141979.wav,190113-040002
190113-053002-437599-806141979.wav,190113-053002
190113-070002-437599-806141979.wav,190113-070002
190113-083002-437599-806141979.wav,190113-083002
190113-100002-437599-806141979.wav,190113-100002
190113-113002-437599-806141979.wav,190113-113002
190113-130002-437599-806141979.wav,190113-130002
190113-143002-437599-806141979.wav,190113-143002
190113-160002-437599-806141979.wav,190113-160002
190113-173002-437599-806141979.wav,190113-173002
190113-190002-437599-806141979.wav,190113-190002
190113-203002-437599-806141979.wav,190113-203002
190113-220002-437599-806141979.wav,190113-220002
190113-233002-437599-806141979.wav,190113-233002
190114-010002-437599-806141979.wav,190114-010002
190114-023002-437599-806141979.wav,190114-023002
190114-040002-437599-806141979.wav,190114-040002
190114-053002-437599-806141979.wav,190114-053002
190114-070002-437599-806141979.wav,190114-070002
190114-083002-437599-806141979.wav,190114-083002
190114-100002-437599-806141979.wav,190114-100002
190114-113002-437599-806141979.wav,190114-113002
190114-130002-437599-806141979.wav,190114-130002
190114-143002-437599-806141979.wav,190114-143002
190114-160002-437599-806141979.wav,190114-160002
190114-173002-437599-806141979.wav,190114-173002
190114-190002-437599-806141979.wav,190114-190002
190114-203002-437599-806141979.wav,190114-203002
190114-220002-437599-806141979.wav,190114-220002
190114-233002-437599-806141979.wav,190114-233002
190115-010002-437599-806141979.wav,190115-010002
190115-023002-437599-806141979.wav,190115-023002
190115-040002-437599-806141979.wav,190115-040002
190115-053002-437599-806141979.wav,190115-053002
190115-070002-437599-806141979.wav,190115-070002
190115-083002-437599-806141979.wav,190115-083002
190115-100002-437599-806141979.wav,190115-100002
190115-113002-437599-806141979.wav,190115-113002
190115-130002-437599-806141979.wav,190115-130002
190115-143002-437599-806141979.wav,190115-143002
190115-160002-437599-806141979.wav,190115-160002
190115-173002-437599-806141979.wav,190115-173002
190115-190002-437599-806141979.wav,190115-190002
190115-203002-437599-806141979.wav,190115-203002
190115-220002-437599-806141979.wav,190115-220002
190115-233002-437599-806141979.wav,190115-233002
190116-010002-437599-806141979.wav,190116-010002
190116-023002-437599-806141979.wav,190116-023002
190116-040002-437599-806141979.wav,190116-040002
190116-053002-437599-806141979.wav,190116-053002
190116-070002-437599-806141979.wav,190116-070002
190116-083002-437599-806141979.wav,190116-083002
190116-100002-437599-806141979.wav,190116-100002
190116-113002-437599-806141979.wav,190116-113002
190116-130002-437599-806141979.wav,190116-130002
190116-143002-437599-806141979.wav,190116-143002
190116-160002-437599-806141979.wav,190116-160002
190116-173002-437599-806141979.wav,190116-173002
190116-190002-437599-806141979.wav,190116-190002
190116-203002-437599-806141979.wav,190116-203002
190116-220002-437599-806141979.wav,190116-220002
190116-233002-437599-806141979.wav,190116-233002
190117-010002-437599-806141979.wav,190117-010002
190117-023002-437599-806141979.wav,190117-023002
190117-040002-437599-806141979.wav,190117-040002
190117-053002-437599-806141979.wav,190117-053002
190117-070002-437599-806141979.wav,190117-070002
190117-083002-437599-806141979.wav,190117-083002
190117-100002-437599-806141979.wav,190117-100002
190117-113002-437599-806141979.wav,190117-113002
190117-130002-437599-806141979.wav,190117-130002
190117-143002-437599-806141979.wav,190117-143002
190117-160002-437599-806141979.wav,190117-160002
190117-173002-437599-806141979.wav,190117-173002
190117-190002-437599-806141979.wav,190117-190002
190117-203002-437599-806141979.wav,190117-203002
190117-220002-437599-806141979.wav,190117-220002
190117-233002-437599-806141979.wav,190117-233002
190118-010002-437599-806141979.wav,190118-010002
190118-023002-437599-806141979.wav,190118-023002
190118-040002-437599-806141979.wav,190118-040002
190118-053002-437599-806141979.wav,190118-053002
190118-070002-437599-806141979.wav,190118-070002
190118-083002-437599-806141979.wav,190118-083002
190118-100002-437599-806141979.wav,190118-100002
190118-113002-437599-806141979.wav,190118-113002
190118-130002-437599-806141979.wav,190118-130002
190118-143002-437599-806141979.wav,190118-143002
190118-160002-437599-806141979.wav,190118-160002
190118-173002-437599-806141979.wav,190118-173002
190118-190002-437599-806141979.wav,190118-190002
190118-203002-437599-806141979.wav,190118-203002
190118-220002-437599-806141979.wav,190118-220002
190118-233002-437599-806141979.wav,190118-233002
190119-010002-437599-806141979.wav,190119-010002
190119-023002-437599-806141979.wav,190119-023002
190119-040002-437599-806141979.wav,190119-040002
190119-053002-437599-806141979.wav,190119-053002
190119-070002-437599-806141979.wav,190119-070002
190119-083002-437599-806141979.wav,190119-083002
190119-100002-437599-806141979.wav,190119-100002
190119-113002-437599-806141979.wav,190119-113002
190119-130002-437599-806141979.wav,190119-130002
190119-143002-437599-806141979.wav,190119-143002
190119-160002-437599-806141979.wav,190119-160002
190119-173002-437599-806141979.wav,190119-173002
190119-190002-437599-806141979.wav,190119-190002
190119-203002-437599-806141979.wav,190119-203002
190119-220002-437599-806141979.wav,190119-220002
190119-233002-437599-806141979.wav,190119-233002
190120-010002-437599-806141979.wav,190120-010002
190120-023002-437599-806141979.wav,190120-023002
190120-040002-437599-806141979.wav,190120-040002
190120-053002-437599-806141979.wav,190120-053002
190120-070002-437599-806141979.wav,190120-070002
190120-083002-437599-806141979.wav,190120-083002
190120-100002-437599-806141979.wav,190120-100002
190120-113002-437599-806141979.wav,190120-113002
190120-130002-437599-806141979.wav,190120-130002
190120-143002-437599-806141979.wav,190120-143002
190120-160002-437599-806141979.wav,190120-160002
190120-173002-437599-806141979.wav,190120-173002
190120-190002-437599-806141979.wav,190120-190002
190120-203002-437599-806141979.wav,190120-203002
190120-220002-437599-806141979.wav,190120-220002
190120-233002-437599-806141979.wav,190120-233002
190121-010002-437599-806141979.wav,190121-010002
190121-023002-437599-806141979.wav,190121-023002
190121-040002-437599-806141979.wav,190121-040002
190121-053002-437599-806141979.wav,190121-053002
190121-070002-437599-806141979.wav,190121-070002
190121-083002-437599-806141979.wav,190121-083002
190121-100002-437599-806141979.wav,190121-100002
190121-113002-437599-806141979.wav,190121-113002
190121-130002-437599-806141979.wav,190121-130002
190121-143002-437599-806141979.wav,190121-143002
190121-160002-437599-806141979.wav,190121-160002
190121-173002-437599-806141979.wav,190121-173002
190121-190002-437599-806141979.wav,190121-190002
190121-203002-437599-806141979.wav,190121-203002
190121-220002-437599-806141979.wav,190121-220002
190121-233002-437599-806141979.wav,190121-233002
190122-010002-437599-806141979.wav,190122-010002
190122-023002-437599-806141979.wav,190122-023002
190122-040002-437599-806141979.wav,190122-040002
190122-053002-437599-806141979.wav,190122-053002
190122-070002-437599-806141979.wav,190122-070002
190122-083002-437599-806141979.wav,190122-083002
190122-100002-437599-806141979.wav,190122-100002
190122-113002-437599-806141979.wav,190122-113002
190122-130002-437599-806141979.wav,190122-130002
190122-143002-437599-806141979.wav,190122-143002
190122-160002-437599-806141979.wav,190122-160002
190122-173002-437599-806141979.wav,190122-173002
190122-190002-437599-806141979.wav,190122-190002
190122-203002-437599-806141979.wav,190122-203002
190122-220002-437599-806141979.wav,190122-220002
190122-233002-437599-806141979.wav,190122-233002
190123-010002-437599-806141979.wav,190123-010002
190123-023002-437599-806141979.wav,190123-023002
190123-040002-437599-806141979.wav,190123-040002
190123-053002-437599-806141979.wav,190123-053002
190123-070002-437599-806141979.wav,190123-070002
190123-083002-437599-806141979.wav,190123-083002
190123-100002-437599-806141979.wav,190123-100002
190123-113002-437599-806141979.wav,190123-113002
190123-130002-437599-806141979.wav,190123-130002
190123-143002-437599-806141979.wav,190123-143002
190123-160002-437599-806141979.wav,190123-160002
190123-173002-437599-806141979.wav,190123-173002
190123-190002-437599-806141979.wav,190123-190002
190123-203002-437599-806141979.wav,190123-203002
190123-220002-437599-806141979.wav,190123-220002
190123-233002-437599-806141979.wav,190123-233002
190124-010002-437599-806141979.wav,190124-010002
190124-023002-437599-806141979.wav,190124-023002
190124-040002-437599-806141979.wav,190124-040002
190124-053002-437599-806141979.wav,190124-053002
190124-070002-437599-806141979.wav,190124-070002
190124-083002-437599-806141979.wav,190124-083002
190124-100002-437599-806141979.wav,190124-100002
190124-113002-437599-806141979.wav,190124-113002
190124-130002-437599-806141979.wav,190124-130002
190124-143002-437599-806141979.wav,190124-143002
190124-160002-437599-806141979.wav,190124-160002
190124-173002-437599-806141979.wav,190124-173002
190124-190002-437599-806141979.wav,190124-190002
190124-203002-437599-806141979.wav,190124-203002
190124-220002-437599-806141979.wav,190124-220002
190124-233002-437599-806141979.wav,190124-233002
190125-010002-437599-806141979.wav,190125-010002
190125-023002-437599-806141979.wav,190125-023002
190125-040002-437599-806141979.wav,190125-040002
190125-053002-437599-806141979.wav,190125-053002
190125-070002-437599-806141979.wav,190125-070002
190125-083002-437599-806141979.wav,190125-083002
190125-100002-437599-806141979.wav,190125-100002
190125-113002-437599-806141979.wav,190125-113002
190125-130002-437599-806141979.wav,190125-130002
190125-143002-437599-806141979.wav,190125-143002
190125-160002-437599-806141979.wav,190125-160002
190125-173002-437599-806141979.wav,190125-173002
190125-190002-437599-806141979.wav,190125-190002
190125-203002-437599-806141979.wav,190125-203002
190125-220002-437599-806141979.wav,190125-220002
190125-233002-437599-806141979.wav,190125-233002
190126-010002-437599-806141979.wav,190126-010002
190126-023002-437599-806141979.wav,190126-023002
190126-040002-437599-806141979.wav,190126-040002
190126-053002-437599-806141979.wav,190126-053002
190126-070002-437599-806141979.wav,190126-070002
190126-083002-437599-806141979.wav,190126-083002
190126-100002-437599-806141979.wav,190126-100002
190126-113002-437599-806141979.wav,190126-113002
190126-130002-437599-806141979.wav,190126-130002
190126-143002-437599-806141979.wav,190126-143002
190126-160002-437599-806141979.wav,190126-160002
190126-173002-437599-806141979.wav,190126-173002
190126-190002-437599-806141979.wav,190126-190002
190126-203002-437599-806141979.wav,190126-203002
190126-220002-437599-806141979.wav,190126-220002
190126-233002-437599-806141979.wav,190126-233002
190127-010002-437599-806141979.wav,190127-010002
190127-023002-437599-806141979.wav,190127-023002
190127-040002-437599-806141979.wav,190127-040002
190127-053002-437599-806141979.wav,190127-053002
190127-070002-437599-806141979.wav,190127-070002
190127-083002-437599-806141979.wav,190127-083002
190127-100002-437599-806141979.wav,190127-100002
190127-113002-437599-806141979.wav,190127-113002
190127-130002-437599-806141979.wav,190127-130002
190127-143002-437599-806141979.wav,190127-143002
190127-160002-437599-806141979.wav,190127-160002
190127-173002-437599-806141979.wav,190127-173002
190127-190002-437599-806141979.wav,190127-190002
190127-203002-437599-806141979.wav,190127-203002
190127-220002-437599-806141979.wav,190127-220002
190127-233002-437599-806141979.wav,190127-233002
190128-010002-437599-806141979.wav,190128-010002
190128-023002-437599-806141979.wav,190128-023002
190128-040002-437599-806141979.wav,190128-040002
190128-053002-437599-806141979.wav,190128-053002
190128-070002-437599-806141979.wav,190128-070002
190128-083002-437599-806141979.wav,190128-083002
190128-100002-437599-806141979.wav,190128-100002
190128-113002-437599-806141979.wav,190128-113002
190128-130002-437599-806141979.wav,190128-130002
190128-143002-437599-806141979.wav,190128-143002
190128-160002-437599-806141979.wav,190128-160002
190128-173002-437599-806141979.wav,190128-173002
190128-190002-437599-806141979.wav,190128-190002
190128-203002-437599-806141979.wav,190128-203002
190128-220002-437599-806141979.wav,190128-220002
190128-233002-437599-806141979.wav,190128-233002
190129-010002-437599-806141979.wav,190129-010002
190129-023002-437599-806141979.wav,190129-023002
190129-040002-437599-806141979.wav,190129-040002
190129-053002-437599-806141979.wav,190129-053002
190129-070002-437599-806141979.wav,190129-070002
190129-083002-437599-806141979.wav,190129-083002
190129-100002-437599-806141979.wav,190129-100002
190129-113002-437599-806141979.wav,190129-113002
190129-130002-437599-806141979.wav,190129-130002
190129-143002-437599-806141979.wav,190129-143002
190129-160002-437599-806141979.wav,190129-160002
190129-173002-437599-806141979.wav,190129-173002
190129-190002-437599-806141979.wav,190129-190002
190129-203002-437599-806141979.wav,190129-203002
190129-220002-437599-806141979.wav,190129-220002
190129-233002-437599-806141979.wav,190129-233002
190130-010002-437599-806141979.wav,190130-010002
190130-023002-437599-806141979.wav,190130-023002
190130-040002-437599-806141979.wav,190130-040002
190130-053002-437599-806141979.wav,190130-053002
190130-070002-437599-806141979.wav,190130-070002
190130-083002-437599-806141979.wav,190130-083002
190130-100002-437599-806141979.wav,190130-100002
190130-113002-437599-806141979.wav,190130-113002
190130-130002-437599-806141979.wav,190130-130002
190130-143002-437599-806141979.wav,190130-143002
190130-160002-437599-806141979.wav,190130-160002
190130-173002-437599-806141979.wav,190130-173002
190130-190002-437599-806141979.wav,190130-190002
190130-203002-437599-806141979.wav,190130-203002
190130-220002-437599-806141979.wav,190130-220002
190130-233002-437599-806141979.wav,190130-233002
190131-010002-437599-806141979.wav,190131-010002
190131-023002-437599-806141979.wav,190131-023002
190131-040002-437599-806141979.wav,190131-040002
190131-053002-437599-806141979.wav,190131-053002
190131-070002-437599-806141979.wav,190131-070002
190131-083002-437599-806141979.wav,190131-083002
190131-100002-437599-806141979.wav,190131-100002
190131-113002-437599-806141979.wav,190131-113002
190131-130002-437599-806141979.wav,190131-130002
190131-143002-437599-806141979.wav,190131-143002
190131-160002-437599-806141979.wav,190131-160002
190131-173002-437599-806141979.wav,190131-173002
190131-190002-437599-806141979.wav,190131-190002
190131-203002-437599-806141979.wav,190131-203002
190131-220002-437599-806141979.wav,190131-220002
190131-233002-437599-806141979.wav,190131-233002
190201-010002-437599-806141979.wav,190201-010002
190201-023002-437599-806141979.wav,190201-023002
190201-040002-437599-806141979.wav,190201-040002
190201-053002-437599-806141979.wav,190201-053002
190201-070002-437599-806141979.wav,190201-070002
190201-083002-437599-806141979.wav,190201-083002
190201-100002-437599-806141979.wav,190201-100002
190201-113002-437599-806141979.wav,190201-113002
190201-130002-437599-806141979.wav,190201-130002
190201-143002-437599-806141979.wav,190201-143002
190201-160002-437599-806141979.wav,190201-160002
190201-173002-437599-806141979.wav,190201-173002
190201-190002-437599-806141979.wav,190201-190002
190201-203002-437599-806141979.wav,190201-203002
190201-220002-437599-806141979.wav,190201-220002
190201-233002-437599-806141979.wav,190201-233002
190202-010002-437599-806141979.wav,190202-010002
190202-023002-437599-806141979.wav,190202-023002
190202-040002-437599-806141979.wav,190202-040002
190202-053002-437599-806141979.wav,190202-053002
190202-070002-437599-806141979.wav,190202-070002
190202-083002-437599-806141979.wav,190202-083002
190202-100002-437599-806141979.wav,190202-100002
190202-113002-437599-806141979.wav,190202-113002
190202-130002-437599-806141979.wav,190202-130002
190202-143002-437599-806141979.wav,190202-143002
190202-160002-437599-806141979.wav,190202-160002
190202-173002-437599-806141979.wav,190202-173002
190202-190002-437599-806141979.wav,190202-190002
190202-203002-437599-806141979.wav,190202-203002
190202-220002-437599-806141979.wav,190202-220002
190202-233002-437599-806141979.wav,190202-233002
190203-010002-437599-806141979.wav,190203-010002
190203-023002-437599-806141979.wav,190203-023002
190203-040002-437599-806141979.wav,190203-040002
190203-053002-437599-806141979.wav,190203-053002
190203-070002-437599-806141979.wav,190203-070002
190203-083002-437599-806141979.wav,190203-083002
190203-100002-437599-806141979.wav,190203-100002
190203-113002-437599-806141979.wav,190203-113002
190203-130002-437599-806141979.wav,190203-130002
190203-143002-437599-806141979.wav,190203-143002
190203-160002-437599-806141979.wav,190203-160002
190203-173002-437599-806141979.wav,190203-173002
190203-190002-437599-806141979.wav,190203-190002
190203-203002-437599-806141979.wav,190203-203002
190203-220002-437599-806141979.wav,190203-220002
190203-233002-437599-806141979.wav,190203-233002
190204-010002-437599-806141979.wav,190204-010002
190204-023002-437599-806141979.wav,190204-023002
190204-040002-437599-806141979.wav,190204-040002
190204-053002-437599-806141979.wav,190204-053002
190204-070002-437599-806141979.wav,190204-070002
190204-083002-437599-806141979.wav,190204-083002
190204-100002-437599-806141979.wav,190204-100002
190204-113002-437599-806141979.wav,190204-113002
190204-130002-437599-806141979.wav,190204-130002
190204-143002-437599-806141979.wav,190204-143002
190204-160002-437599-806141979.wav,190204-160002
190204-173002-437599-806141979.wav,190204-173002
190204-190002-437599-806141979.wav,190204-190002
190204-203002-437599-806141979.wav,190204-203002
190204-220002-437599-806141979.wav,190204-220002
190204-233002-437599-806141979.wav,190204-233002
190205-010002-437599-806141979.wav,190205-010002
190205-023002-437599-806141979.wav,190205-023002
190205-040002-437599-806141979.wav,190205-040002
190205-053002-437599-806141979.wav,190205-053002
190205-070002-437599-806141979.wav,190205-070002
190205-083002-437599-806141979.wav,190205-083002
190205-100002-437599-806141979.wav,190205-100002
190205-113002-437599-806141979.wav,190205-113002
190205-130002-437599-806141979.wav,190205-130002
190205-143002-437599-806141979.wav,190205-143002
190205-160002-437599-806141979.wav,190205-160002
190205-173002-437599-806141979.wav,190205-173002
190205-190002-437599-806141979.wav,190205-190002
190205-203002-437599-806141979.wav,190205-203002
190205-220002-437599-806141979.wav,190205-220002
190205-233002-437599-806141979.wav,190205-233002
190206-010002-437599-806141979.wav,190206-010002
190206-023002-437599-806141979.wav,190206-023002
190206-040002-437599-806141979.wav,190206-040002
190206-053002-437599-806141979.wav,190206-053002
190206-070002-437599-806141979.wav,190206-070002
190206-083002-437599-806141979.wav,190206-083002
190206-100002-437599-806141979.wav,190206-100002
190206-113002-437599-806141979.wav,190206-113002
190206-130002-437599-806141979.wav,190206-130002
190206-143002-437599-806141979.wav,190206-143002
190206-160002-437599-806141979.wav,190206-160002
190206-173002-437599-806141979.wav,190206-173002
190206-190002-437599-806141979.wav,190206-190002
190206-203002-437599-806141979.wav,190206-203002
190206-220002-437599-806141979.wav,190206-220002
190206-233002-437599-806141979.wav,190206-233002
190207-010002-437599-806141979.wav,190207-010002
190207-023002-437599-806141979.wav,190207-023002
190207-040002-437599-806141979.wav,190207-040002
190207-053002-437599-806141979.wav,190207-053002
190207-070002-437599-806141979.wav,190207-070002
190207-083002-437599-806141979.wav,190207-083002
190207-100002-437599-806141979.wav,190207-100002
190207-113002-437599-806141979.wav,190207-113002
190207-130002-437599-806141979.wav,190207-130002
190207-143002-437599-806141979.wav,190207-143002
190207-160002-437599-806141979.wav,190207-160002
190207-173002-437599-806141979.wav,190207-173002
190207-190002-437599-806141979.wav,190207-190002
190207-203002-437599-806141979.wav,190207-203002
190207-220002-437599-806141979.wav,190207-220002
190207-233002-437599-806141979.wav,190207-233002
190208-010002-437599-806141979.wav,190208-010002
190208-023002-437599-806141979.wav,190208-023002
190208-040002-437599-806141979.wav,190208-040002
190208-053002-437599-806141979.wav,190208-053002
190208-070002-437599-806141979.wav,190208-070002
190208-083002-437599-806141979.wav,190208-083002
190208-100002-437599-806141979.wav,190208-100002
190208-113002-437599-806141979.wav,190208-113002
190208-130002-437599-806141979.wav,190208-130002
190208-143002-437599-806141979.wav,190208-143002
190208-160002-437599-806141979.wav,190208-160002
190208-173002-437599-806141979.wav,190208-173002
190208-190002-437599-806141979.wav,190208-190002
190208-203002-437599-806141979.wav,190208-203002
190208-220002-437599-806141979.wav,190208-220002
190208-233002-437599-806141979.wav,190208-233002
190209-010002-437599-806141979.wav,190209-010002
190209-023002-437599-806141979.wav,190209-023002
190209-040002-437599-806141979.wav,190209-040002
190209-053002-437599-806141979.wav,190209-053002
190209-070002-437599-806141979.wav,190209-070002
190209-083002-437599-806141979.wav,190209-083002
190209-100002-437599-806141979.wav,190209-100002
190209-113002-437599-806141979.wav,190209-113002
190209-130002-437599-806141979.wav,190209-130002
190209-143002-437599-806141979.wav,190209-143002
190209-160002-437599-806141979.wav,190209-160002
190209-173002-437599-806141979.wav,190209-173002
190209-190002-437599-806141979.wav,190209-190002
190209-203002-437599-806141979.wav,190209-203002
190209-220002-437599-806141979.wav,190209-220002
190209-233002-437599-806141979.wav,190209-233002
190210-010002-437599-806141979.wav,190210-010002
190210-023002-437599-806141979.wav,190210-023002
190210-040002-437599-806141979.wav,190210-040002
190210-053002-437599-806141979.wav,190210-053002
190210-070002-437599-806141979.wav,190210-070002
190210-083002-437599-806141979.wav,190210-083002
190210-100002-437599-806141979.wav,190210-100002
190210-113002-437599-806141979.wav,190210-113002
190210-130002-437599-806141979.wav,190210-130002
190210-143002-437599-806141979.wav,190210-143002
190210-160002-437599-806141979.wav,190210-160002
190210-173002-437599-806141979.wav,190210-173002
190210-190002-437599-806141979.wav,190210-190002
190210-203002-437599-806141979.wav,190210-203002
190210-220002-437599-806141979.wav,190210-220002
190210-233002-437599-806141979.wav,190210-233002
190211-010002-437599-806141979.wav,190211-010002
190211-023002-437599-806141979.wav,190211-023002
190211-040002-437599-806141979.wav,190211-040002
190211-053002-437599-806141979.wav,190211-053002
190211-070002-437599-806141979.wav,190211-070002
190211-083002-437599-806141979.wav,190211-083002
190211-100002-437599-806141979.wav,190211-100002
190211-113002-437599-806141979.wav,190211-113002
190211-130002-437599-806141979.wav,190211-130002
190211-143002-437599-806141979.wav,190211-143002
190211-160002-437599-806141979.wav,190211-160002
190211-173002-437599-806141979.wav,190211-173002
190211-190002-437599-806141979.wav,190211-190002
190211-203002-437599-806141979.wav,190211-203002
190211-220002-437599-806141979.wav,190211-220002
190211-233002-437599-806141979.wav,190211-233002
190212-010002-437599-806141979.wav,190212-010002
190212-023002-437599-806141979.wav,190212-023002
190212-040002-437599-806141979.wav,190212-040002
190212-053002-437599-806141979.wav,190212-053002
190212-070002-437599-806141979.wav,190212-070002
190212-083002-437599-806141979.wav,190212-083002
190212-100002-437599-806141979.wav,190212-100002
190212-113002-437599-806141979.wav,190212-113002
190212-130002-437599-806141979.wav,190212-130002
190212-143002-437599-806141979.wav,190212-143002
190212-160002-437599-806141979.wav,190212-160002
190212-173002-437599-806141979.wav,190212-173002
190212-190002-437599-806141979.wav,190212-190002
190212-203002-437599-806141979.wav,190212-203002
190212-220002-437599-806141979.wav,190212-220002
190212-233002-437599-806141979.wav,190212-233002
190213-010002-437599-806141979.wav,190213-010002
190213-023002-437599-806141979.wav,190213-023002
190213-040002-437599-806141979.wav,190213-040002
190213-053002-437599-806141979.wav,190213-053002
190213-070002-437599-806141979.wav,190213-070002
190213-083002-437599-806141979.wav,190213-083002
190213-100002-437599-806141979.wav,190213-100002
190213-113002-437599-806141979.wav,190213-113002
190213-130002-437599-806141979.wav,190213-130002
190213-143002-437599-806141979.wav,190213-143002
190213-160002-437599-806141979.wav,190213-160002
190213-173002-437599-806141979.wav,190213-173002
190213-190002-437599-806141979.wav,190213-190002
190213-203002-437599-806141979.wav,190213-203002
190213-220002-437599-806141979.wav,190213-220002
190213-233002-437599-806141979.wav,190213-233002
190214-010002-437599-806141979.wav,190214-010002
190214-023002-437599-806141979.wav,190214-023002
190214-040002-437599-806141979.wav,190214-040002
190214-053002-437599-806141979.wav,190214-053002
190214-070002-437599-806141979.wav,190214-070002
190214-083002-437599-806141979.wav,190214-083002
190214-100002-437599-806141979.wav,190214-100002
190214-113002-437599-806141979.wav,190214-113002
190214-130002-437599-806141979.wav,190214-130002
190214-143002-437599-806141979.wav,190214-143002
190214-160002-437599-806141979.wav,190214-160002
190214-173002-437599-806141979.wav,190214-173002
190214-190002-437599-806141979.wav,190214-190002
190214-203002-437599-806141979.wav,190214-203002
190214-220002-437599-806141979.wav,190214-220002
190214-233002-437599-806141979.wav,190214-233002
190215-010002-437599-806141979.wav,190215-010002
190215-023002-437599-806141979.wav,190215-023002
190215-040002-437599-806141979.wav,190215-040002
190215-053002-437599-806141979.wav,190215-053002
190215-070002-437599-806141979.wav,190215-070002
190215-083002-437599-806141979.wav,190215-083002
190215-100002-437599-806141979.wav,190215-100002
190215-113002-437599-806141979.wav,190215-113002
190215-130002-437599-806141979.wav,190215-130002
190215-143002-437599-806141979.wav,190215-143002
190215-160002-437599-806141979.wav,190215-160002
190215-173002-437599-806141979.wav,190215-173002
190215-190002-437599-806141979.wav,190215-190002
190215-203002-437599-806141979.wav,190215-203002
190215-220002-437599-806141979.wav,190215-220002
190215-233002-437599-806141979.wav,190215-233002
190216-010002-437599-806141979.wav,190216-010002
190216-023002-437599-806141979.wav,190216-023002
190216-040002-437599-806141979.wav,190216-040002
190216-053002-437599-806141979.wav,190216-053002
190216-070002-437599-806141979.wav,190216-070002
190216-083002-437599-806141979.wav,190216-083002
190216-100002-437599-806141979.wav,190216-100002
190216-113002-437599-806141979.wav,190216-113002
190216-130002-437599-806141979.wav,190216-130002
190216-143002-437599-806141979.wav,190216-143002
190216-160002-437599-806141979.wav,190216-160002
190216-173002-437599-806141979.wav,190216-173002
190216-190002-437599-806141979.wav,190216-190002
190216-203002-437599-806141979.wav,190216-203002
190216-220002-437599-806141979.wav,190216-220002
190216-233002-437599-806141979.wav,190216-233002
190217-010002-437599-806141979.wav,190217-010002
190217-023002-437599-806141979.wav,190217-023002
190217-040002-437599-806141979.wav,190217-040002
190217-053002-437599-806141979.wav,190217-053002
190217-070002-437599-806141979.wav,190217-070002
190217-083002-437599-806141979.wav,190217-083002
190217-100002-437599-806141979.wav,190217-100002
190217-113002-437599-806141979.wav,190217-113002
190217-130002-437599-806141979.wav,190217-130002
190217-143002-437599-806141979.wav,190217-143002
190217-160002-437599-806141979.wav,190217-160002
190217-173002-437599-806141979.wav,190217-173002
190217-190002-437599-806141979.wav,190217-190002
190217-203002-437599-806141979.wav,190217-203002
190217-220002-437599-806141979.wav,190217-220002
190217-233002-437599-806141979.wav,190217-233002
190218-010002-437599-806141979.wav,190218-010002
190218-023002-437599-806141979.wav,190218-023002
190218-040002-437599-806141979.wav,190218-040002
190218-053002-437599-806141979.wav,190218-053002
190218-070002-437599-806141979.wav,190218-070002
190218-083002-437599-806141979.wav,190218-083002
190218-100002-437599-806141979.wav,190218-100002
190218-113002-437599-806141979.wav,190218-113002
190218-130002-437599-806141979.wav,190218-130002
190218-143002-437599-806141979.wav,190218-143002
190218-160002-437599-806141979.wav,190218-160002
190218-173002-437599-806141979.wav,190218-173002
190218-190002-437599-806141979.wav,190218-190002
190218-203002-437599-806141979.wav,190218-203002
190218-220002-437599-806141979.wav,190218-220002
190218-233002-437599-806141979.wav,190218-233002
190219-010002-437599-806141979.wav,190219-010002
190219-023002-437599-806141979.wav,190219-023002
190219-040002-437599-806141979.wav,190219-040002
190219-053002-437599-806141979.wav,190219-053002
190219-070002-437599-806141979.wav,190219-070002
190219-083002-437599-806141979.wav,190219-083002
190219-100002-437599-806141979.wav,190219-100002
190219-113002-437599-806141979.wav,190219-113002
190219-130002-437599-806141979.wav,190219-130002
190219-143002-437599-806141979.wav,190219-143002
190219-160002-437599-806141979.wav,190219-160002
190219-173002-437599-806141979.wav,190219-173002
190219-190002-437599-806141979.wav,190219-190002
190219-203002-437599-806141979.wav,190219-203002
190219-220002-437599-806141979.wav,190219-220002
190219-233002-437599-806141979.wav,190219-233002
190220-010002-437599-806141979.wav,190220-010002
190220-023002-437599-806141979.wav,190220-023002
190220-040002-437599-806141979.wav,190220-040002
190220-053002-437599-806141979.wav,190220-053002
190220-070002-437599-806141979.wav,190220-070002
190220-083002-437599-806141979.wav,190220-083002
190220-100002-437599-806141979.wav,190220-100002
190220-113002-437599-806141979.wav,190220-113002
190220-130002-437599-806141979.wav,190220-130002
190220-143002-437599-806141979.wav,190220-143002
190220-160002-437599-806141979.wav,190220-160002
190220-173002-437599-806141979.wav,190220-173002
190220-190002-437599-806141979.wav,190220-190002
190220-203002-437599-806141979.wav,190220-203002
190220-220002-437599-806141979.wav,190220-220002
190220-233002-437599-806141979.wav,190220-233002
190221-010002-437599-806141979.wav,190221-010002
190221-023002-437599-806141979.wav,190221-023002
190221-040002-437599-806141979.wav,190221-040002
190221-053002-437599-806141979.wav,190221-053002
190221-070002-437599-806141979.wav,190221-070002
190221-083002-437599-806141979.wav,190221-083002
190221-100002-437599-806141979.wav,190221-100002
190221-113002-437599-806141979.wav,190221-113002
190221-130002-437599-806141979.wav,190221-130002
190221-143002-437599-806141979.wav,190221-143002
190221-160002-437599-806141979.wav,190221-160002
190221-173002-437599-806141979.wav,190221-173002
190221-190002-437599-806141979.wav,190221-190002
190221-203002-437599-806141979.wav,190221-203002
190221-220002-437599-806141979.wav,190221-220002
190221-233002-437599-806141979.wav,190221-233002
190222-010002-437599-806141979.wav,190222-010002
190222-023002-437599-806141979.wav,190222-023002
190222-040002-437599-806141979.wav,190222-040002
190222-053002-437599-806141979.wav,190222-053002
190222-070002-437599-806141979.wav,190222-070002
190222-083002-437599-806141979.wav,190222-083002
190222-100002-437599-806141979.wav,190222-100002
190222-113002-437599-806141979.wav,190222-113002
190222-130002-437599-806141979.wav,190222-130002
190222-143002-437599-806141979.wav,190222-143002
190222-160002-437599-806141979.wav,190222-160002
190222-173002-437599-806141979.wav,190222-173002
190222-190002-437599-806141979.wav,190222-190002
190222-203002-437599-806141979.wav,190222-203002
190222-220002-437599-806141979.wav,190222-220002
190222-233002-437599-806141979.wav,190222-233002
190223-010002-437599-806141979.wav,190223-010002
190223-023002-437599-806141979.wav,190223-023002
190223-040002-437599-806141979.wav,190223-040002
190223-053002-437599-806141979.wav,190223-053002
190223-070002-437599-806141979.wav,190223-070002
190223-083002-437599-806141979.wav,190223-083002
190223-100002-437599-806141979.wav,190223-100002
190223-113002-437599-806141979.wav,190223-113002
190223-130002-437599-806141979.wav,190223-130002
190223-143002-437599-806141979.wav,190223-143002
190223-160002-437599-806141979.wav,190223-160002
190223-173002-437599-806141979.wav,190223-173002
190223-190002-437599-806141979.wav,190223-190002
190223-203002-437599-806141979.wav,190223-203002
190223-220002-437599-806141979.wav,190223-220002
190223-233002-437599-806141979.wav,190223-233002
190224-010002-437599-806141979.wav,190224-010002
190224-023002-437599-806141979.wav,190224-023002
190224-040002-437599-806141979.wav,190224-040002
190224-053002-437599-806141979.wav,190224-053002
190224-070002-437599-806141979.wav,190224-070002
190224-083002-437599-806141979.wav,190224-083002
190224-100002-437599-806141979.wav,190224-100002
190224-113002-437599-806141979.wav,190224-113002
190224-130002-437599-806141979.wav,190224-130002
190224-143002-437599-806141979.wav,190224-143002
190224-160002-437599-806141979.wav,190224-160002
190224-173002-437599-806141979.wav,190224-173002
190224-190002-437599-806141979.wav,190224-190002
190224-203002-437599-806141979.wav,190224-203002
190224-220002-437599-806141979.wav,190224-220002
190224-233002-437599-806141979.wav,190224-233002
190225-010002-437599-806141979.wav,190225-010002
190225-023002-437599-806141979.wav,190225-023002
190225-040002-437599-806141979.wav,190225-040002
181204-100002-437599-806141979.wav,181204-100002
181204-113002-437599-806141979.wav,181204-113002
