wav_filename,mapped_filename
190215-113002-437599-806141979_resampled,1
190125-100002-437599-806141979_resampled,2
190216-083002-437599-806141979_resampled,3
190216-040002-437599-806141979_resampled,4
190126-053002-437599-806141979_resampled,5
190103-070002-437599-806141979_resampled,6
190124-173002-437599-806141979_resampled,7
190214-160002-437599-806141979_resampled,8
181221-233002-437599-806141979_resampled,9
181210-190002-437599-806141979_resampled,10
190222-113002-437599-806141979_resampled,11
190112-100002-437599-806141979_resampled,12
190221-083002-437599-806141979_resampled,13
190207-130002-437599-806141979_resampled,14
190221-040002-437599-806141979_resampled,15
190111-053002-437599-806141979_resampled,16
181229-100002-437599-806141979_resampled,17
190206-143002-437599-806141979_resampled,18
190113-173002-437599-806141979_resampled,19
190223-160002-437599-806141979_resampled,20
181216-233002-437599-806141979_resampled,21
181228-173002-437599-806141979_resampled,22
190205-010002-437599-806141979_resampled,23
181227-190002-437599-806141979_resampled,24
181211-190002-437599-806141979_resampled,25
181220-233002-437599-806141979_resampled,26
190125-173002-437599-806141979_resampled,27
190215-160002-437599-806141979_resampled,28
190217-040002-437599-806141979_resampled,29
190127-053002-437599-806141979_resampled,30
190102-070002-437599-806141979_resampled,31
190217-083002-437599-806141979_resampled,32
190214-113002-437599-806141979_resampled,33
190124-100002-437599-806141979_resampled,34
190204-010002-437599-806141979_resampled,35
181229-173002-437599-806141979_resampled,36
181226-190002-437599-806141979_resampled,37
190207-143002-437599-806141979_resampled,38
181217-233002-437599-806141979_resampled,39
190112-173002-437599-806141979_resampled,40
190222-160002-437599-806141979_resampled,41
190220-040002-437599-806141979_resampled,42
190110-053002-437599-806141979_resampled,43
181228-100002-437599-806141979_resampled,44
190220-083002-437599-806141979_resampled,45
190223-113002-437599-806141979_resampled,46
190113-100002-437599-806141979_resampled,47
190206-130002-437599-806141979_resampled,48
190221-160002-437599-806141979_resampled,49
190111-173002-437599-806141979_resampled,50
181214-233002-437599-806141979_resampled,51
190204-143002-437599-806141979_resampled,52
181225-190002-437599-806141979_resampled,53
190207-010002-437599-806141979_resampled,54
190205-130002-437599-806141979_resampled,55
181228-053002-437599-806141979_resampled,56
190110-100002-437599-806141979_resampled,57
190220-113002-437599-806141979_resampled,58
190223-083002-437599-806141979_resampled,59
190113-053002-437599-806141979_resampled,60
190223-040002-437599-806141979_resampled,61
190216-160002-437599-806141979_resampled,62
190126-173002-437599-806141979_resampled,63
181223-233002-437599-806141979_resampled,64
190129-190002-437599-806141979_resampled,65
181212-190002-437599-806141979_resampled,66
190118-233002-437599-806141979_resampled,67
190127-100002-437599-806141979_resampled,68
190217-113002-437599-806141979_resampled,69
190214-083002-437599-806141979_resampled,70
190101-070002-437599-806141979_resampled,71
190124-053002-437599-806141979_resampled,72
190214-040002-437599-806141979_resampled,73
190112-053002-437599-806141979_resampled,74
190222-040002-437599-806141979_resampled,75
181229-053002-437599-806141979_resampled,76
190204-130002-437599-806141979_resampled,77
190222-083002-437599-806141979_resampled,78
190111-100002-437599-806141979_resampled,79
190221-113002-437599-806141979_resampled,80
181224-190002-437599-806141979_resampled,81
190206-010002-437599-806141979_resampled,82
181215-233002-437599-806141979_resampled,83
190220-160002-437599-806141979_resampled,84
190110-173002-437599-806141979_resampled,85
190205-143002-437599-806141979_resampled,86
190125-053002-437599-806141979_resampled,87
190215-040002-437599-806141979_resampled,88
190215-083002-437599-806141979_resampled,89
190126-100002-437599-806141979_resampled,90
190216-113002-437599-806141979_resampled,91
181213-190002-437599-806141979_resampled,92
190119-233002-437599-806141979_resampled,93
181222-233002-437599-806141979_resampled,94
190217-160002-437599-806141979_resampled,95
190127-173002-437599-806141979_resampled,96
190128-190002-437599-806141979_resampled,97
190203-143002-437599-806141979_resampled,98
190119-190002-437599-806141979_resampled,99
190116-173002-437599-806141979_resampled,100
181213-233002-437599-806141979_resampled,101
190128-233002-437599-806141979_resampled,102
190218-220002-437599-806141979_resampled,103
181222-190002-437599-806141979_resampled,104
190117-100002-437599-806141979_resampled,105
190224-083002-437599-806141979_resampled,106
190202-130002-437599-806141979_resampled,107
190114-053002-437599-806141979_resampled,108
190224-040002-437599-806141979_resampled,109
190131-070002-437599-806141979_resampled,110
190211-160002-437599-806141979_resampled,111
190121-173002-437599-806141979_resampled,112
190108-023002-437599-806141979_resampled,113
181224-233002-437599-806141979_resampled,114
181215-190002-437599-806141979_resampled,115
190120-100002-437599-806141979_resampled,116
190210-113002-437599-806141979_resampled,117
190213-083002-437599-806141979_resampled,118
181218-053002-437599-806141979_resampled,119
190123-053002-437599-806141979_resampled,120
190213-040002-437599-806141979_resampled,121
190106-070002-437599-806141979_resampled,122
190115-053002-437599-806141979_resampled,123
190225-040002-437599-806141979_resampled,124
190130-070002-437599-806141979_resampled,125
190116-100002-437599-806141979_resampled,126
190203-130002-437599-806141979_resampled,127
190129-233002-437599-806141979_resampled,128
190201-010002-437599-806141979_resampled,129
190219-220002-437599-806141979_resampled,130
181205-023002-437599-806141979_resampled,131
181223-190002-437599-806141979_resampled,132
190118-190002-437599-806141979_resampled,133
190202-143002-437599-806141979_resampled,134
181212-233002-437599-806141979_resampled,135
190117-173002-437599-806141979_resampled,136
190122-053002-437599-806141979_resampled,137
190212-040002-437599-806141979_resampled,138
190107-070002-437599-806141979_resampled,139
190212-083002-437599-806141979_resampled,140
190121-100002-437599-806141979_resampled,141
190211-113002-437599-806141979_resampled,142
181219-053002-437599-806141979_resampled,143
181214-190002-437599-806141979_resampled,144
181225-233002-437599-806141979_resampled,145
190210-160002-437599-806141979_resampled,146
190109-023002-437599-806141979_resampled,147
190120-173002-437599-806141979_resampled,148
190212-113002-437599-806141979_resampled,149
190122-100002-437599-806141979_resampled,150
190211-083002-437599-806141979_resampled,151
181219-100002-437599-806141979_resampled,152
190104-070002-437599-806141979_resampled,153
190211-040002-437599-806141979_resampled,154
190121-053002-437599-806141979_resampled,155
190123-173002-437599-806141979_resampled,156
190213-160002-437599-806141979_resampled,157
181226-233002-437599-806141979_resampled,158
181217-190002-437599-806141979_resampled,159
190208-203002-437599-806141979_resampled,160
181231-023002-437599-806141979_resampled,161
181218-173002-437599-806141979_resampled,162
190115-100002-437599-806141979_resampled,163
181208-070002-437599-806141979_resampled,164
190116-053002-437599-806141979_resampled,165
190114-173002-437599-806141979_resampled,166
190224-160002-437599-806141979_resampled,167
181211-233002-437599-806141979_resampled,168
190201-143002-437599-806141979_resampled,169
181220-190002-437599-806141979_resampled,170
181206-023002-437599-806141979_resampled,171
190202-010002-437599-806141979_resampled,172
190209-203002-437599-806141979_resampled,173
181216-190002-437599-806141979_resampled,174
181219-173002-437599-806141979_resampled,175
181230-023002-437599-806141979_resampled,176
181227-233002-437599-806141979_resampled,177
190122-173002-437599-806141979_resampled,178
190212-160002-437599-806141979_resampled,179
190105-070002-437599-806141979_resampled,180
181218-100002-437599-806141979_resampled,181
190210-040002-437599-806141979_resampled,182
190120-053002-437599-806141979_resampled,183
190210-083002-437599-806141979_resampled,184
190213-113002-437599-806141979_resampled,185
190123-100002-437599-806141979_resampled,186
181221-190002-437599-806141979_resampled,187
190203-010002-437599-806141979_resampled,188
181207-023002-437599-806141979_resampled,189
181210-233002-437599-806141979_resampled,190
190115-173002-437599-806141979_resampled,191
190117-053002-437599-806141979_resampled,192
190201-130002-437599-806141979_resampled,193
181209-070002-437599-806141979_resampled,194
190224-113002-437599-806141979_resampled,195
190114-100002-437599-806141979_resampled,196
181226-220002-437599-806141979_resampled,197
190123-160002-437599-806141979_resampled,198
190213-173002-437599-806141979_resampled,199
190106-143002-437599-806141979_resampled,200
190105-010002-437599-806141979_resampled,201
181218-160002-437599-806141979_resampled,202
190107-130002-437599-806141979_resampled,203
190121-083002-437599-806141979_resampled,204
190212-100002-437599-806141979_resampled,205
190122-113002-437599-806141979_resampled,206
181219-113002-437599-806141979_resampled,207
190211-053002-437599-806141979_resampled,208
190121-040002-437599-806141979_resampled,209
181211-220002-437599-806141979_resampled,210
181209-010002-437599-806141979_resampled,211
190114-160002-437599-806141979_resampled,212
190224-173002-437599-806141979_resampled,213
190131-143002-437599-806141979_resampled,214
190130-130002-437599-806141979_resampled,215
190116-083002-437599-806141979_resampled,216
190115-113002-437599-806141979_resampled,217
190203-070002-437599-806141979_resampled,218
190116-040002-437599-806141979_resampled,219
181218-113002-437599-806141979_resampled,220
190210-053002-437599-806141979_resampled,221
190120-040002-437599-806141979_resampled,222
190106-130002-437599-806141979_resampled,223
190213-100002-437599-806141979_resampled,224
190123-113002-437599-806141979_resampled,225
190120-083002-437599-806141979_resampled,226
181219-160002-437599-806141979_resampled,227
190104-010002-437599-806141979_resampled,228
190122-160002-437599-806141979_resampled,229
190212-173002-437599-806141979_resampled,230
181227-220002-437599-806141979_resampled,231
190107-143002-437599-806141979_resampled,232
190202-070002-437599-806141979_resampled,233
190117-040002-437599-806141979_resampled,234
190131-130002-437599-806141979_resampled,235
190224-100002-437599-806141979_resampled,236
190114-113002-437599-806141979_resampled,237
190117-083002-437599-806141979_resampled,238
190115-160002-437599-806141979_resampled,239
181210-220002-437599-806141979_resampled,240
181208-010002-437599-806141979_resampled,241
190130-143002-437599-806141979_resampled,242
190114-083002-437599-806141979_resampled,243
190117-113002-437599-806141979_resampled,244
190114-040002-437599-806141979_resampled,245
190224-053002-437599-806141979_resampled,246
181209-130002-437599-806141979_resampled,247
190201-070002-437599-806141979_resampled,248
181213-220002-437599-806141979_resampled,249
190116-160002-437599-806141979_resampled,250
190128-220002-437599-806141979_resampled,251
190130-010002-437599-806141979_resampled,252
190218-233002-437599-806141979_resampled,253
181208-143002-437599-806141979_resampled,254
190123-083002-437599-806141979_resampled,255
190120-113002-437599-806141979_resampled,256
190210-100002-437599-806141979_resampled,257
181218-040002-437599-806141979_resampled,258
190105-130002-437599-806141979_resampled,259
190123-040002-437599-806141979_resampled,260
190213-053002-437599-806141979_resampled,261
181218-083002-437599-806141979_resampled,262
190104-143002-437599-806141979_resampled,263
181224-220002-437599-806141979_resampled,264
190211-173002-437599-806141979_resampled,265
190121-160002-437599-806141979_resampled,266
190107-010002-437599-806141979_resampled,267
190129-220002-437599-806141979_resampled,268
190131-010002-437599-806141979_resampled,269
190219-233002-437599-806141979_resampled,270
181209-143002-437599-806141979_resampled,271
190117-160002-437599-806141979_resampled,272
181212-220002-437599-806141979_resampled,273
181208-130002-437599-806141979_resampled,274
190115-040002-437599-806141979_resampled,275
190116-113002-437599-806141979_resampled,276
190115-083002-437599-806141979_resampled,277
190106-010002-437599-806141979_resampled,278
190105-143002-437599-806141979_resampled,279
190210-173002-437599-806141979_resampled,280
190120-160002-437599-806141979_resampled,281
181225-220002-437599-806141979_resampled,282
190122-040002-437599-806141979_resampled,283
190212-053002-437599-806141979_resampled,284
181219-083002-437599-806141979_resampled,285
190121-113002-437599-806141979_resampled,286
190211-100002-437599-806141979_resampled,287
190122-083002-437599-806141979_resampled,288
190104-130002-437599-806141979_resampled,289
181219-040002-437599-806141979_resampled,290
181228-040002-437599-806141979_resampled,291
190113-083002-437599-806141979_resampled,292
190110-113002-437599-806141979_resampled,293
190220-100002-437599-806141979_resampled,294
181228-083002-437599-806141979_resampled,295
190206-070002-437599-806141979_resampled,296
190113-040002-437599-806141979_resampled,297
190223-053002-437599-806141979_resampled,298
181214-220002-437599-806141979_resampled,299
190221-173002-437599-806141979_resampled,300
190208-023002-437599-806141979_resampled,301
190111-160002-437599-806141979_resampled,302
181231-203002-437599-806141979_resampled,303
190102-130002-437599-806141979_resampled,304
190124-083002-437599-806141979_resampled,305
190127-113002-437599-806141979_resampled,306
190217-100002-437599-806141979_resampled,307
190124-040002-437599-806141979_resampled,308
190214-053002-437599-806141979_resampled,309
181223-220002-437599-806141979_resampled,310
190216-173002-437599-806141979_resampled,311
190126-160002-437599-806141979_resampled,312
190219-190002-437599-806141979_resampled,313
181206-203002-437599-806141979_resampled,314
190103-143002-437599-806141979_resampled,315
190118-220002-437599-806141979_resampled,316
190209-023002-437599-806141979_resampled,317
190220-173002-437599-806141979_resampled,318
190110-160002-437599-806141979_resampled,319
181215-220002-437599-806141979_resampled,320
181230-203002-437599-806141979_resampled,321
181229-083002-437599-806141979_resampled,322
190207-070002-437599-806141979_resampled,323
190112-040002-437599-806141979_resampled,324
190222-053002-437599-806141979_resampled,325
181229-040002-437599-806141979_resampled,326
190111-113002-437599-806141979_resampled,327
190221-100002-437599-806141979_resampled,328
190112-083002-437599-806141979_resampled,329
190119-220002-437599-806141979_resampled,330
190101-010002-437599-806141979_resampled,331
190217-173002-437599-806141979_resampled,332
190127-160002-437599-806141979_resampled,333
181222-220002-437599-806141979_resampled,334
190102-143002-437599-806141979_resampled,335
181207-203002-437599-806141979_resampled,336
190218-190002-437599-806141979_resampled,337
190125-040002-437599-806141979_resampled,338
190215-053002-437599-806141979_resampled,339
190103-130002-437599-806141979_resampled,340
190126-113002-437599-806141979_resampled,341
190216-100002-437599-806141979_resampled,342
190125-083002-437599-806141979_resampled,343
181204-203002-437599-806141979_resampled,344
190101-143002-437599-806141979_resampled,345
181221-220002-437599-806141979_resampled,346
190124-160002-437599-806141979_resampled,347
190214-173002-437599-806141979_resampled,348
190102-010002-437599-806141979_resampled,349
190126-083002-437599-806141979_resampled,350
190215-100002-437599-806141979_resampled,351
190125-113002-437599-806141979_resampled,352
190216-053002-437599-806141979_resampled,353
190126-040002-437599-806141979_resampled,354
181216-220002-437599-806141979_resampled,355
190113-160002-437599-806141979_resampled,356
190223-173002-437599-806141979_resampled,357
181228-160002-437599-806141979_resampled,358
190108-203002-437599-806141979_resampled,359
190111-083002-437599-806141979_resampled,360
190222-100002-437599-806141979_resampled,361
190112-113002-437599-806141979_resampled,362
190221-053002-437599-806141979_resampled,363
190111-040002-437599-806141979_resampled,364
190204-070002-437599-806141979_resampled,365
181229-113002-437599-806141979_resampled,366
190217-053002-437599-806141979_resampled,367
190127-040002-437599-806141979_resampled,368
190214-100002-437599-806141979_resampled,369
190124-113002-437599-806141979_resampled,370
190127-083002-437599-806141979_resampled,371
190101-130002-437599-806141979_resampled,372
190103-010002-437599-806141979_resampled,373
181205-203002-437599-806141979_resampled,374
190125-160002-437599-806141979_resampled,375
190215-173002-437599-806141979_resampled,376
181220-220002-437599-806141979_resampled,377
190220-053002-437599-806141979_resampled,378
190110-040002-437599-806141979_resampled,379
181228-113002-437599-806141979_resampled,380
190205-070002-437599-806141979_resampled,381
190223-100002-437599-806141979_resampled,382
190113-113002-437599-806141979_resampled,383
190110-083002-437599-806141979_resampled,384
181229-160002-437599-806141979_resampled,385
190109-203002-437599-806141979_resampled,386
190112-160002-437599-806141979_resampled,387
190222-173002-437599-806141979_resampled,388
181217-220002-437599-806141979_resampled,389
181226-130002-437599-806141979_resampled,390
190208-100002-437599-806141979_resampled,391
190107-220002-437599-806141979_resampled,392
190122-203002-437599-806141979_resampled,393
181227-143002-437599-806141979_resampled,394
181219-203002-437599-806141979_resampled,395
190206-190002-437599-806141979_resampled,396
181224-010002-437599-806141979_resampled,397
190209-173002-437599-806141979_resampled,398
190220-023002-437599-806141979_resampled,399
181211-130002-437599-806141979_resampled,400
190219-070002-437599-806141979_resampled,401
190128-010002-437599-806141979_resampled,402
190130-220002-437599-806141979_resampled,403
190115-203002-437599-806141979_resampled,404
181210-143002-437599-806141979_resampled,405
181213-010002-437599-806141979_resampled,406
190217-023002-437599-806141979_resampled,407
190207-190002-437599-806141979_resampled,408
181218-203002-437599-806141979_resampled,409
190221-023002-437599-806141979_resampled,410
190208-173002-437599-806141979_resampled,411
181225-010002-437599-806141979_resampled,412
190106-220002-437599-806141979_resampled,413
181226-143002-437599-806141979_resampled,414
190123-203002-437599-806141979_resampled,415
190209-100002-437599-806141979_resampled,416
181227-130002-437599-806141979_resampled,417
190216-023002-437599-806141979_resampled,418
181212-010002-437599-806141979_resampled,419
190129-010002-437599-806141979_resampled,420
190201-233002-437599-806141979_resampled,421
190131-220002-437599-806141979_resampled,422
181211-143002-437599-806141979_resampled,423
190114-203002-437599-806141979_resampled,424
181210-130002-437599-806141979_resampled,425
190218-070002-437599-806141979_resampled,426
190117-203002-437599-806141979_resampled,427
181212-143002-437599-806141979_resampled,428
190202-233002-437599-806141979_resampled,429
181211-010002-437599-806141979_resampled,430
181209-220002-437599-806141979_resampled,431
190215-023002-437599-806141979_resampled,432
190129-143002-437599-806141979_resampled,433
181213-130002-437599-806141979_resampled,434
190128-130002-437599-806141979_resampled,435
190120-203002-437599-806141979_resampled,436
181225-143002-437599-806141979_resampled,437
190105-220002-437599-806141979_resampled,438
181226-010002-437599-806141979_resampled,439
190222-023002-437599-806141979_resampled,440
190204-190002-437599-806141979_resampled,441
190209-053002-437599-806141979_resampled,442
181224-130002-437599-806141979_resampled,443
190129-130002-437599-806141979_resampled,444
181212-130002-437599-806141979_resampled,445
190214-023002-437599-806141979_resampled,446
181210-010002-437599-806141979_resampled,447
181208-220002-437599-806141979_resampled,448
190128-143002-437599-806141979_resampled,449
181213-143002-437599-806141979_resampled,450
190116-203002-437599-806141979_resampled,451
190203-233002-437599-806141979_resampled,452
181225-130002-437599-806141979_resampled,453
190208-053002-437599-806141979_resampled,454
190223-023002-437599-806141979_resampled,455
181227-010002-437599-806141979_resampled,456
190205-190002-437599-806141979_resampled,457
181224-143002-437599-806141979_resampled,458
190121-203002-437599-806141979_resampled,459
190104-220002-437599-806141979_resampled,460
190205-233002-437599-806141979_resampled,461
181230-160002-437599-806141979_resampled,462
190110-203002-437599-806141979_resampled,463
181215-143002-437599-806141979_resampled,464
181216-010002-437599-806141979_resampled,465
190212-023002-437599-806141979_resampled,466
190109-040002-437599-806141979_resampled,467
181214-130002-437599-806141979_resampled,468
181231-113002-437599-806141979_resampled,469
190109-083002-437599-806141979_resampled,470
190102-220002-437599-806141979_resampled,471
181207-160002-437599-806141979_resampled,472
190127-203002-437599-806141979_resampled,473
181222-143002-437599-806141979_resampled,474
190203-190002-437599-806141979_resampled,475
190119-143002-437599-806141979_resampled,476
181221-010002-437599-806141979_resampled,477
190225-023002-437599-806141979_resampled,478
181223-130002-437599-806141979_resampled,479
181205-083002-437599-806141979_resampled,480
181206-113002-437599-806141979_resampled,481
181205-040002-437599-806141979_resampled,482
190118-130002-437599-806141979_resampled,483
190108-083002-437599-806141979_resampled,484
181215-130002-437599-806141979_resampled,485
190108-040002-437599-806141979_resampled,486
181230-113002-437599-806141979_resampled,487
190213-023002-437599-806141979_resampled,488
181217-010002-437599-806141979_resampled,489
181231-160002-437599-806141979_resampled,490
190204-233002-437599-806141979_resampled,491
181214-143002-437599-806141979_resampled,492
190111-203002-437599-806141979_resampled,493
190119-130002-437599-806141979_resampled,494
181222-130002-437599-806141979_resampled,495
181207-113002-437599-806141979_resampled,496
190118-143002-437599-806141979_resampled,497
190202-190002-437599-806141979_resampled,498
190224-023002-437599-806141979_resampled,499
181220-010002-437599-806141979_resampled,500
181206-160002-437599-806141979_resampled,501
190103-220002-437599-806141979_resampled,502
181223-143002-437599-806141979_resampled,503
190126-203002-437599-806141979_resampled,504
181207-083002-437599-806141979_resampled,505
181204-113002-437599-806141979_resampled,506
181221-130002-437599-806141979_resampled,507
181207-040002-437599-806141979_resampled,508
190125-203002-437599-806141979_resampled,509
181220-143002-437599-806141979_resampled,510
190118-010002-437599-806141979_resampled,511
181205-160002-437599-806141979_resampled,512
181223-010002-437599-806141979_resampled,513
190201-190002-437599-806141979_resampled,514
181230-083002-437599-806141979_resampled,515
181216-130002-437599-806141979_resampled,516
181230-040002-437599-806141979_resampled,517
190108-113002-437599-806141979_resampled,518
190112-203002-437599-806141979_resampled,519
181217-143002-437599-806141979_resampled,520
190207-233002-437599-806141979_resampled,521
181214-010002-437599-806141979_resampled,522
190109-160002-437599-806141979_resampled,523
190210-023002-437599-806141979_resampled,524
181229-203002-437599-806141979_resampled,525
181222-010002-437599-806141979_resampled,526
181221-143002-437599-806141979_resampled,527
190124-203002-437599-806141979_resampled,528
181204-160002-437599-806141979_resampled,529
190119-010002-437599-806141979_resampled,530
190101-220002-437599-806141979_resampled,531
181206-040002-437599-806141979_resampled,532
181205-113002-437599-806141979_resampled,533
181206-083002-437599-806141979_resampled,534
181220-130002-437599-806141979_resampled,535
190108-160002-437599-806141979_resampled,536
190211-023002-437599-806141979_resampled,537
181215-010002-437599-806141979_resampled,538
181228-203002-437599-806141979_resampled,539
181216-143002-437599-806141979_resampled,540
190113-203002-437599-806141979_resampled,541
190206-233002-437599-806141979_resampled,542
181231-040002-437599-806141979_resampled,543
190109-113002-437599-806141979_resampled,544
181231-083002-437599-806141979_resampled,545
181217-130002-437599-806141979_resampled,546
190215-203002-437599-806141979_resampled,547
181205-173002-437599-806141979_resampled,548
190117-023002-437599-806141979_resampled,549
190131-190002-437599-806141979_resampled,550
181204-100002-437599-806141979_resampled,551
190119-070002-437599-806141979_resampled,552
181207-053002-437599-806141979_resampled,553
181222-070002-437599-806141979_resampled,554
190222-203002-437599-806141979_resampled,555
190207-220002-437599-806141979_resampled,556
190109-173002-437599-806141979_resampled,557
190120-023002-437599-806141979_resampled,558
190106-190002-437599-806141979_resampled,559
181230-053002-437599-806141979_resampled,560
190108-100002-437599-806141979_resampled,561
181215-070002-437599-806141979_resampled,562
181206-053002-437599-806141979_resampled,563
181223-070002-437599-806141979_resampled,564
190118-070002-437599-806141979_resampled,565
181205-100002-437599-806141979_resampled,566
190116-023002-437599-806141979_resampled,567
190130-190002-437599-806141979_resampled,568
190214-203002-437599-806141979_resampled,569
190101-233002-437599-806141979_resampled,570
181204-173002-437599-806141979_resampled,571
181231-053002-437599-806141979_resampled,572
181214-070002-437599-806141979_resampled,573
190109-100002-437599-806141979_resampled,574
190121-023002-437599-806141979_resampled,575
190108-173002-437599-806141979_resampled,576
190107-190002-437599-806141979_resampled,577
190223-203002-437599-806141979_resampled,578
190206-220002-437599-806141979_resampled,579
190109-053002-437599-806141979_resampled,580
181231-100002-437599-806141979_resampled,581
181217-070002-437599-806141979_resampled,582
181219-023002-437599-806141979_resampled,583
181230-173002-437599-806141979_resampled,584
190205-220002-437599-806141979_resampled,585
190220-203002-437599-806141979_resampled,586
190104-190002-437599-806141979_resampled,587
190122-023002-437599-806141979_resampled,588
181206-100002-437599-806141979_resampled,589
181220-070002-437599-806141979_resampled,590
181205-053002-437599-806141979_resampled,591
181207-173002-437599-806141979_resampled,592
190102-233002-437599-806141979_resampled,593
190217-203002-437599-806141979_resampled,594
181208-190002-437599-806141979_resampled,595
190115-023002-437599-806141979_resampled,596
190105-190002-437599-806141979_resampled,597
190123-023002-437599-806141979_resampled,598
190204-220002-437599-806141979_resampled,599
181231-173002-437599-806141979_resampled,600
181218-023002-437599-806141979_resampled,601
190221-203002-437599-806141979_resampled,602
181216-070002-437599-806141979_resampled,603
190108-053002-437599-806141979_resampled,604
181230-100002-437599-806141979_resampled,605
190114-023002-437599-806141979_resampled,606
190103-233002-437599-806141979_resampled,607
181206-173002-437599-806141979_resampled,608
181209-190002-437599-806141979_resampled,609
190216-203002-437599-806141979_resampled,610
181221-070002-437599-806141979_resampled,611
181207-100002-437599-806141979_resampled,612
190218-130002-437599-806141979_resampled,613
181210-070002-437599-806141979_resampled,614
190202-220002-437599-806141979_resampled,615
190125-023002-437599-806141979_resampled,616
181209-233002-437599-806141979_resampled,617
190219-143002-437599-806141979_resampled,618
190103-190002-437599-806141979_resampled,619
190209-040002-437599-806141979_resampled,620
190209-083002-437599-806141979_resampled,621
181227-070002-437599-806141979_resampled,622
190210-203002-437599-806141979_resampled,623
181229-023002-437599-806141979_resampled,624
190105-233002-437599-806141979_resampled,625
190112-023002-437599-806141979_resampled,626
181208-233002-437599-806141979_resampled,627
190124-023002-437599-806141979_resampled,628
190102-190002-437599-806141979_resampled,629
190218-143002-437599-806141979_resampled,630
190203-220002-437599-806141979_resampled,631
190219-130002-437599-806141979_resampled,632
181211-070002-437599-806141979_resampled,633
190113-023002-437599-806141979_resampled,634
190211-203002-437599-806141979_resampled,635
190104-233002-437599-806141979_resampled,636
181228-023002-437599-806141979_resampled,637
190208-083002-437599-806141979_resampled,638
181226-070002-437599-806141979_resampled,639
190208-040002-437599-806141979_resampled,640
190107-233002-437599-806141979_resampled,641
190212-203002-437599-806141979_resampled,642
190110-023002-437599-806141979_resampled,643
190209-160002-437599-806141979_resampled,644
190208-113002-437599-806141979_resampled,645
181225-070002-437599-806141979_resampled,646
190130-233002-437599-806141979_resampled,647
190218-010002-437599-806141979_resampled,648
190101-190002-437599-806141979_resampled,649
190127-023002-437599-806141979_resampled,650
190129-070002-437599-806141979_resampled,651
181212-070002-437599-806141979_resampled,652
181224-070002-437599-806141979_resampled,653
190209-113002-437599-806141979_resampled,654
190111-023002-437599-806141979_resampled,655
190208-160002-437599-806141979_resampled,656
190106-233002-437599-806141979_resampled,657
190213-203002-437599-806141979_resampled,658
181213-070002-437599-806141979_resampled,659
190128-070002-437599-806141979_resampled,660
190126-023002-437599-806141979_resampled,661
190201-220002-437599-806141979_resampled,662
190131-233002-437599-806141979_resampled,663
190219-010002-437599-806141979_resampled,664
190224-203002-437599-806141979_resampled,665
190103-023002-437599-806141979_resampled,666
190125-190002-437599-806141979_resampled,667
190201-203002-437599-806141979_resampled,668
181211-173002-437599-806141979_resampled,669
190224-220002-437599-806141979_resampled,670
190114-233002-437599-806141979_resampled,671
181213-053002-437599-806141979_resampled,672
190218-083002-437599-806141979_resampled,673
181210-100002-437599-806141979_resampled,674
190218-040002-437599-806141979_resampled,675
190128-053002-437599-806141979_resampled,676
181218-233002-437599-806141979_resampled,677
190208-143002-437599-806141979_resampled,678
190112-190002-437599-806141979_resampled,679
181229-190002-437599-806141979_resampled,680
181226-173002-437599-806141979_resampled,681
190213-220002-437599-806141979_resampled,682
190123-233002-437599-806141979_resampled,683
190209-130002-437599-806141979_resampled,684
181224-053002-437599-806141979_resampled,685
181227-100002-437599-806141979_resampled,686
181211-100002-437599-806141979_resampled,687
190219-040002-437599-806141979_resampled,688
190129-053002-437599-806141979_resampled,689
181212-053002-437599-806141979_resampled,690
190219-083002-437599-806141979_resampled,691
190115-233002-437599-806141979_resampled,692
181210-173002-437599-806141979_resampled,693
190102-023002-437599-806141979_resampled,694
190124-190002-437599-806141979_resampled,695
181226-100002-437599-806141979_resampled,696
181225-053002-437599-806141979_resampled,697
190208-130002-437599-806141979_resampled,698
181228-190002-437599-806141979_resampled,699
190212-220002-437599-806141979_resampled,700
190122-233002-437599-806141979_resampled,701
181227-173002-437599-806141979_resampled,702
181219-233002-437599-806141979_resampled,703
190113-190002-437599-806141979_resampled,704
190209-143002-437599-806141979_resampled,705
181226-053002-437599-806141979_resampled,706
181225-100002-437599-806141979_resampled,707
190110-190002-437599-806141979_resampled,708
181224-173002-437599-806141979_resampled,709
190121-233002-437599-806141979_resampled,710
190209-010002-437599-806141979_resampled,711
190211-220002-437599-806141979_resampled,712
190129-100002-437599-806141979_resampled,713
190219-113002-437599-806141979_resampled,714
181211-053002-437599-806141979_resampled,715
181212-100002-437599-806141979_resampled,716
190127-190002-437599-806141979_resampled,717
190218-160002-437599-806141979_resampled,718
190128-173002-437599-806141979_resampled,719
190101-023002-437599-806141979_resampled,720
181213-173002-437599-806141979_resampled,721
190116-233002-437599-806141979_resampled,722
190203-203002-437599-806141979_resampled,723
190120-233002-437599-806141979_resampled,724
190208-010002-437599-806141979_resampled,725
190210-220002-437599-806141979_resampled,726
181225-173002-437599-806141979_resampled,727
190111-190002-437599-806141979_resampled,728
181224-100002-437599-806141979_resampled,729
181227-053002-437599-806141979_resampled,730
190117-233002-437599-806141979_resampled,731
181212-173002-437599-806141979_resampled,732
190202-203002-437599-806141979_resampled,733
190126-190002-437599-806141979_resampled,734
190219-160002-437599-806141979_resampled,735
190129-173002-437599-806141979_resampled,736
181213-100002-437599-806141979_resampled,737
190128-100002-437599-806141979_resampled,738
190218-113002-437599-806141979_resampled,739
181210-053002-437599-806141979_resampled,740
181221-053002-437599-806141979_resampled,741
190119-100002-437599-806141979_resampled,742
181222-100002-437599-806141979_resampled,743
190118-173002-437599-806141979_resampled,744
190131-023002-437599-806141979_resampled,745
190117-190002-437599-806141979_resampled,746
181223-173002-437599-806141979_resampled,747
190126-233002-437599-806141979_resampled,748
190216-220002-437599-806141979_resampled,749
181216-053002-437599-806141979_resampled,750
181215-100002-437599-806141979_resampled,751
190108-070002-437599-806141979_resampled,752
190106-023002-437599-806141979_resampled,753
190120-190002-437599-806141979_resampled,754
190204-203002-437599-806141979_resampled,755
181214-173002-437599-806141979_resampled,756
190111-233002-437599-806141979_resampled,757
190221-220002-437599-806141979_resampled,758
190127-233002-437599-806141979_resampled,759
190217-220002-437599-806141979_resampled,760
181222-173002-437599-806141979_resampled,761
190130-023002-437599-806141979_resampled,762
190119-173002-437599-806141979_resampled,763
190116-190002-437599-806141979_resampled,764
181223-100002-437599-806141979_resampled,765
181220-053002-437599-806141979_resampled,766
181205-070002-437599-806141979_resampled,767
190118-100002-437599-806141979_resampled,768
190205-203002-437599-806141979_resampled,769
190110-233002-437599-806141979_resampled,770
190220-220002-437599-806141979_resampled,771
181215-173002-437599-806141979_resampled,772
190107-023002-437599-806141979_resampled,773
190121-190002-437599-806141979_resampled,774
190109-070002-437599-806141979_resampled,775
181214-100002-437599-806141979_resampled,776
181217-053002-437599-806141979_resampled,777
190122-190002-437599-806141979_resampled,778
190104-023002-437599-806141979_resampled,779
181228-233002-437599-806141979_resampled,780
181216-173002-437599-806141979_resampled,781
190223-220002-437599-806141979_resampled,782
190113-233002-437599-806141979_resampled,783
190206-203002-437599-806141979_resampled,784
181219-190002-437599-806141979_resampled,785
181231-070002-437599-806141979_resampled,786
181214-053002-437599-806141979_resampled,787
181217-100002-437599-806141979_resampled,788
190115-190002-437599-806141979_resampled,789
181208-023002-437599-806141979_resampled,790
181221-173002-437599-806141979_resampled,791
190214-220002-437599-806141979_resampled,792
190124-233002-437599-806141979_resampled,793
181206-070002-437599-806141979_resampled,794
181223-053002-437599-806141979_resampled,795
190118-053002-437599-806141979_resampled,796
181220-100002-437599-806141979_resampled,797
181216-100002-437599-806141979_resampled,798
181230-070002-437599-806141979_resampled,799
181215-053002-437599-806141979_resampled,800
190222-220002-437599-806141979_resampled,801
190112-233002-437599-806141979_resampled,802
181217-173002-437599-806141979_resampled,803
181218-190002-437599-806141979_resampled,804
190207-203002-437599-806141979_resampled,805
190123-190002-437599-806141979_resampled,806
181229-233002-437599-806141979_resampled,807
190105-023002-437599-806141979_resampled,808
190119-053002-437599-806141979_resampled,809
181221-100002-437599-806141979_resampled,810
181207-070002-437599-806141979_resampled,811
181222-053002-437599-806141979_resampled,812
190215-220002-437599-806141979_resampled,813
190125-233002-437599-806141979_resampled,814
181220-173002-437599-806141979_resampled,815
181209-023002-437599-806141979_resampled,816
190114-190002-437599-806141979_resampled,817
181214-040002-437599-806141979_resampled,818
190109-130002-437599-806141979_resampled,819
181214-083002-437599-806141979_resampled,820
181217-113002-437599-806141979_resampled,821
190212-190002-437599-806141979_resampled,822
190108-143002-437599-806141979_resampled,823
181228-220002-437599-806141979_resampled,824
181230-010002-437599-806141979_resampled,825
190223-233002-437599-806141979_resampled,826
190113-220002-437599-806141979_resampled,827
181216-160002-437599-806141979_resampled,828
190118-083002-437599-806141979_resampled,829
181223-040002-437599-806141979_resampled,830
190118-040002-437599-806141979_resampled,831
181205-130002-437599-806141979_resampled,832
181223-083002-437599-806141979_resampled,833
181220-113002-437599-806141979_resampled,834
181207-010002-437599-806141979_resampled,835
190203-023002-437599-806141979_resampled,836
190214-233002-437599-806141979_resampled,837
190124-220002-437599-806141979_resampled,838
181221-160002-437599-806141979_resampled,839
190101-203002-437599-806141979_resampled,840
181204-143002-437599-806141979_resampled,841
181217-160002-437599-806141979_resampled,842
190222-233002-437599-806141979_resampled,843
190112-220002-437599-806141979_resampled,844
190109-143002-437599-806141979_resampled,845
190213-190002-437599-806141979_resampled,846
181229-220002-437599-806141979_resampled,847
181231-010002-437599-806141979_resampled,848
181216-113002-437599-806141979_resampled,849
181215-083002-437599-806141979_resampled,850
190108-130002-437599-806141979_resampled,851
181215-040002-437599-806141979_resampled,852
181220-160002-437599-806141979_resampled,853
190215-233002-437599-806141979_resampled,854
190125-220002-437599-806141979_resampled,855
181205-143002-437599-806141979_resampled,856
190224-190002-437599-806141979_resampled,857
190202-023002-437599-806141979_resampled,858
181206-010002-437599-806141979_resampled,859
181204-130002-437599-806141979_resampled,860
190119-040002-437599-806141979_resampled,861
181221-113002-437599-806141979_resampled,862
181222-083002-437599-806141979_resampled,863
190119-083002-437599-806141979_resampled,864
181222-040002-437599-806141979_resampled,865
181205-010002-437599-806141979_resampled,866
190201-023002-437599-806141979_resampled,867
190118-160002-437599-806141979_resampled,868
190103-203002-437599-806141979_resampled,869
181206-143002-437599-806141979_resampled,870
190126-220002-437599-806141979_resampled,871
190216-233002-437599-806141979_resampled,872
181223-160002-437599-806141979_resampled,873
181221-040002-437599-806141979_resampled,874
190119-113002-437599-806141979_resampled,875
181221-083002-437599-806141979_resampled,876
181222-113002-437599-806141979_resampled,877
181207-130002-437599-806141979_resampled,878
190210-190002-437599-806141979_resampled,879
181231-143002-437599-806141979_resampled,880
190111-220002-437599-806141979_resampled,881
190221-233002-437599-806141979_resampled,882
190109-010002-437599-806141979_resampled,883
181214-160002-437599-806141979_resampled,884
181216-040002-437599-806141979_resampled,885
181216-083002-437599-806141979_resampled,886
181215-113002-437599-806141979_resampled,887
181230-130002-437599-806141979_resampled,888
181223-113002-437599-806141979_resampled,889
181220-083002-437599-806141979_resampled,890
181206-130002-437599-806141979_resampled,891
181220-040002-437599-806141979_resampled,892
190118-113002-437599-806141979_resampled,893
181207-143002-437599-806141979_resampled,894
190102-203002-437599-806141979_resampled,895
181222-160002-437599-806141979_resampled,896
190127-220002-437599-806141979_resampled,897
190217-233002-437599-806141979_resampled,898
190119-160002-437599-806141979_resampled,899
181214-113002-437599-806141979_resampled,900
181217-083002-437599-806141979_resampled,901
181231-130002-437599-806141979_resampled,902
181217-040002-437599-806141979_resampled,903
181230-143002-437599-806141979_resampled,904
181215-160002-437599-806141979_resampled,905
190110-220002-437599-806141979_resampled,906
190220-233002-437599-806141979_resampled,907
190108-010002-437599-806141979_resampled,908
190211-190002-437599-806141979_resampled,909
190220-190002-437599-806141979_resampled,910
190206-023002-437599-806141979_resampled,911
190121-220002-437599-806141979_resampled,912
190211-233002-437599-806141979_resampled,913
181224-160002-437599-806141979_resampled,914
190104-203002-437599-806141979_resampled,915
181226-040002-437599-806141979_resampled,916
181226-083002-437599-806141979_resampled,917
190208-070002-437599-806141979_resampled,918
181225-113002-437599-806141979_resampled,919
181208-203002-437599-806141979_resampled,920
190217-190002-437599-806141979_resampled,921
190218-173002-437599-806141979_resampled,922
190128-160002-437599-806141979_resampled,923
190116-220002-437599-806141979_resampled,924
181213-160002-437599-806141979_resampled,925
190129-113002-437599-806141979_resampled,926
190219-100002-437599-806141979_resampled,927
181211-040002-437599-806141979_resampled,928
181211-083002-437599-806141979_resampled,929
181212-113002-437599-806141979_resampled,930
181224-113002-437599-806141979_resampled,931
181227-083002-437599-806141979_resampled,932
190209-070002-437599-806141979_resampled,933
181227-040002-437599-806141979_resampled,934
181225-160002-437599-806141979_resampled,935
190120-220002-437599-806141979_resampled,936
190210-233002-437599-806141979_resampled,937
190105-203002-437599-806141979_resampled,938
190221-190002-437599-806141979_resampled,939
190207-023002-437599-806141979_resampled,940
181213-113002-437599-806141979_resampled,941
181210-083002-437599-806141979_resampled,942
190128-113002-437599-806141979_resampled,943
190218-100002-437599-806141979_resampled,944
181210-040002-437599-806141979_resampled,945
181212-160002-437599-806141979_resampled,946
190117-220002-437599-806141979_resampled,947
190216-190002-437599-806141979_resampled,948
181209-203002-437599-806141979_resampled,949
190219-173002-437599-806141979_resampled,950
190129-160002-437599-806141979_resampled,951
181213-040002-437599-806141979_resampled,952
190128-083002-437599-806141979_resampled,953
181213-083002-437599-806141979_resampled,954
181210-113002-437599-806141979_resampled,955
190218-053002-437599-806141979_resampled,956
190128-040002-437599-806141979_resampled,957
190215-190002-437599-806141979_resampled,958
190131-203002-437599-806141979_resampled,959
190224-233002-437599-806141979_resampled,960
190114-220002-437599-806141979_resampled,961
181211-160002-437599-806141979_resampled,962
181224-040002-437599-806141979_resampled,963
181224-083002-437599-806141979_resampled,964
181227-113002-437599-806141979_resampled,965
181218-220002-437599-806141979_resampled,966
190204-023002-437599-806141979_resampled,967
190222-190002-437599-806141979_resampled,968
190106-203002-437599-806141979_resampled,969
190213-233002-437599-806141979_resampled,970
190123-220002-437599-806141979_resampled,971
181226-160002-437599-806141979_resampled,972
190130-203002-437599-806141979_resampled,973
181210-160002-437599-806141979_resampled,974
190115-220002-437599-806141979_resampled,975
190214-190002-437599-806141979_resampled,976
181211-113002-437599-806141979_resampled,977
181212-083002-437599-806141979_resampled,978
190219-053002-437599-806141979_resampled,979
190129-040002-437599-806141979_resampled,980
181212-040002-437599-806141979_resampled,981
190129-083002-437599-806141979_resampled,982
190107-203002-437599-806141979_resampled,983
181227-160002-437599-806141979_resampled,984
190212-233002-437599-806141979_resampled,985
190122-220002-437599-806141979_resampled,986
190205-023002-437599-806141979_resampled,987
181219-220002-437599-806141979_resampled,988
190223-190002-437599-806141979_resampled,989
181226-113002-437599-806141979_resampled,990
181225-083002-437599-806141979_resampled,991
181225-040002-437599-806141979_resampled,992
181229-143002-437599-806141979_resampled,993
190111-010002-437599-806141979_resampled,994
190109-220002-437599-806141979_resampled,995
190207-173002-437599-806141979_resampled,996
190208-190002-437599-806141979_resampled,997
181217-203002-437599-806141979_resampled,998
190112-143002-437599-806141979_resampled,999
190220-070002-437599-806141979_resampled,1000
190205-053002-437599-806141979_resampled,1001
181228-130002-437599-806141979_resampled,1002
190113-130002-437599-806141979_resampled,1003
190206-100002-437599-806141979_resampled,1004
190126-010002-437599-806141979_resampled,1005
181205-220002-437599-806141979_resampled,1006
190219-023002-437599-806141979_resampled,1007
181220-203002-437599-806141979_resampled,1008
190125-143002-437599-806141979_resampled,1009
190217-070002-437599-806141979_resampled,1010
190102-040002-437599-806141979_resampled,1011
190124-130002-437599-806141979_resampled,1012
190102-083002-437599-806141979_resampled,1013
190101-113002-437599-806141979_resampled,1014
190112-130002-437599-806141979_resampled,1015
190207-100002-437599-806141979_resampled,1016
190221-070002-437599-806141979_resampled,1017
181229-130002-437599-806141979_resampled,1018
190204-053002-437599-806141979_resampled,1019
190206-173002-437599-806141979_resampled,1020
190113-143002-437599-806141979_resampled,1021
181216-203002-437599-806141979_resampled,1022
190209-190002-437599-806141979_resampled,1023
181228-143002-437599-806141979_resampled,1024
190110-010002-437599-806141979_resampled,1025
190108-220002-437599-806141979_resampled,1026
190125-130002-437599-806141979_resampled,1027
190103-083002-437599-806141979_resampled,1028
190216-070002-437599-806141979_resampled,1029
190103-040002-437599-806141979_resampled,1030
190101-160002-437599-806141979_resampled,1031
190218-023002-437599-806141979_resampled,1032
181204-220002-437599-806141979_resampled,1033
190124-143002-437599-806141979_resampled,1034
181221-203002-437599-806141979_resampled,1035
190127-010002-437599-806141979_resampled,1036
190215-070002-437599-806141979_resampled,1037
190103-113002-437599-806141979_resampled,1038
190126-130002-437599-806141979_resampled,1039
190124-010002-437599-806141979_resampled,1040
190119-203002-437599-806141979_resampled,1041
181222-203002-437599-806141979_resampled,1042
190127-143002-437599-806141979_resampled,1043
181207-220002-437599-806141979_resampled,1044
190102-160002-437599-806141979_resampled,1045
190207-053002-437599-806141979_resampled,1046
190222-070002-437599-806141979_resampled,1047
190204-100002-437599-806141979_resampled,1048
190111-130002-437599-806141979_resampled,1049
190113-010002-437599-806141979_resampled,1050
181215-203002-437599-806141979_resampled,1051
190110-143002-437599-806141979_resampled,1052
181228-010002-437599-806141979_resampled,1053
181230-220002-437599-806141979_resampled,1054
190205-173002-437599-806141979_resampled,1055
190126-143002-437599-806141979_resampled,1056
181223-203002-437599-806141979_resampled,1057
190103-160002-437599-806141979_resampled,1058
181206-220002-437599-806141979_resampled,1059
190125-010002-437599-806141979_resampled,1060
190118-203002-437599-806141979_resampled,1061
190102-113002-437599-806141979_resampled,1062
190101-083002-437599-806141979_resampled,1063
190127-130002-437599-806141979_resampled,1064
190101-040002-437599-806141979_resampled,1065
190214-070002-437599-806141979_resampled,1066
190111-143002-437599-806141979_resampled,1067
181214-203002-437599-806141979_resampled,1068
190204-173002-437599-806141979_resampled,1069
181229-010002-437599-806141979_resampled,1070
181231-220002-437599-806141979_resampled,1071
190112-010002-437599-806141979_resampled,1072
190205-100002-437599-806141979_resampled,1073
190110-130002-437599-806141979_resampled,1074
190206-053002-437599-806141979_resampled,1075
190223-070002-437599-806141979_resampled,1076
190212-070002-437599-806141979_resampled,1077
190107-040002-437599-806141979_resampled,1078
190121-130002-437599-806141979_resampled,1079
190107-083002-437599-806141979_resampled,1080
190104-113002-437599-806141979_resampled,1081
190123-010002-437599-806141979_resampled,1082
181218-010002-437599-806141979_resampled,1083
190105-160002-437599-806141979_resampled,1084
181225-203002-437599-806141979_resampled,1085
190120-143002-437599-806141979_resampled,1086
181208-113002-437599-806141979_resampled,1087
190130-040002-437599-806141979_resampled,1088
190116-130002-437599-806141979_resampled,1089
190130-083002-437599-806141979_resampled,1090
190203-100002-437599-806141979_resampled,1091
190129-203002-437599-806141979_resampled,1092
190114-010002-437599-806141979_resampled,1093
181209-160002-437599-806141979_resampled,1094
190202-173002-437599-806141979_resampled,1095
181212-203002-437599-806141979_resampled,1096
190117-143002-437599-806141979_resampled,1097
190104-160002-437599-806141979_resampled,1098
181219-010002-437599-806141979_resampled,1099
190121-143002-437599-806141979_resampled,1100
181224-203002-437599-806141979_resampled,1101
190122-010002-437599-806141979_resampled,1102
190120-130002-437599-806141979_resampled,1103
190105-113002-437599-806141979_resampled,1104
190106-083002-437599-806141979_resampled,1105
190213-070002-437599-806141979_resampled,1106
190106-040002-437599-806141979_resampled,1107
190203-173002-437599-806141979_resampled,1108
190116-143002-437599-806141979_resampled,1109
181213-203002-437599-806141979_resampled,1110
190128-203002-437599-806141979_resampled,1111
181208-160002-437599-806141979_resampled,1112
190115-010002-437599-806141979_resampled,1113
190117-130002-437599-806141979_resampled,1114
190202-100002-437599-806141979_resampled,1115
190131-083002-437599-806141979_resampled,1116
181209-113002-437599-806141979_resampled,1117
190224-070002-437599-806141979_resampled,1118
190131-040002-437599-806141979_resampled,1119
190201-053002-437599-806141979_resampled,1120
190116-010002-437599-806141979_resampled,1121
181210-203002-437599-806141979_resampled,1122
190115-143002-437599-806141979_resampled,1123
190130-160002-437599-806141979_resampled,1124
190202-053002-437599-806141979_resampled,1125
181209-083002-437599-806141979_resampled,1126
190201-100002-437599-806141979_resampled,1127
190131-113002-437599-806141979_resampled,1128
181209-040002-437599-806141979_resampled,1129
190114-130002-437599-806141979_resampled,1130
190121-010002-437599-806141979_resampled,1131
190209-233002-437599-806141979_resampled,1132
181219-143002-437599-806141979_resampled,1133
181227-203002-437599-806141979_resampled,1134
190122-143002-437599-806141979_resampled,1135
190107-160002-437599-806141979_resampled,1136
190105-040002-437599-806141979_resampled,1137
181218-130002-437599-806141979_resampled,1138
190210-070002-437599-806141979_resampled,1139
190105-083002-437599-806141979_resampled,1140
190106-113002-437599-806141979_resampled,1141
190123-130002-437599-806141979_resampled,1142
190130-113002-437599-806141979_resampled,1143
190115-130002-437599-806141979_resampled,1144
181208-040002-437599-806141979_resampled,1145
190203-053002-437599-806141979_resampled,1146
181208-083002-437599-806141979_resampled,1147
190114-143002-437599-806141979_resampled,1148
181211-203002-437599-806141979_resampled,1149
190131-160002-437599-806141979_resampled,1150
190201-173002-437599-806141979_resampled,1151
190117-010002-437599-806141979_resampled,1152
190107-113002-437599-806141979_resampled,1153
190104-083002-437599-806141979_resampled,1154
190122-130002-437599-806141979_resampled,1155
181219-130002-437599-806141979_resampled,1156
190104-040002-437599-806141979_resampled,1157
190211-070002-437599-806141979_resampled,1158
190123-143002-437599-806141979_resampled,1159
181226-203002-437599-806141979_resampled,1160
190106-160002-437599-806141979_resampled,1161
190120-010002-437599-806141979_resampled,1162
190208-233002-437599-806141979_resampled,1163
181218-143002-437599-806141979_resampled,1164
190202-040002-437599-806141979_resampled,1165
190117-070002-437599-806141979_resampled,1166
190201-113002-437599-806141979_resampled,1167
190131-100002-437599-806141979_resampled,1168
190202-083002-437599-806141979_resampled,1169
190224-130002-437599-806141979_resampled,1170
181209-053002-437599-806141979_resampled,1171
181222-023002-437599-806141979_resampled,1172
181204-190002-437599-806141979_resampled,1173
190130-173002-437599-806141979_resampled,1174
190119-023002-437599-806141979_resampled,1175
190105-053002-437599-806141979_resampled,1176
190120-070002-437599-806141979_resampled,1177
190106-100002-437599-806141979_resampled,1178
190213-130002-437599-806141979_resampled,1179
181215-023002-437599-806141979_resampled,1180
190209-220002-437599-806141979_resampled,1181
190211-010002-437599-806141979_resampled,1182
190212-143002-437599-806141979_resampled,1183
190108-190002-437599-806141979_resampled,1184
190107-173002-437599-806141979_resampled,1185
190224-143002-437599-806141979_resampled,1186
190118-023002-437599-806141979_resampled,1187
190131-173002-437599-806141979_resampled,1188
190201-160002-437599-806141979_resampled,1189
181223-023002-437599-806141979_resampled,1190
181205-190002-437599-806141979_resampled,1191
190203-083002-437599-806141979_resampled,1192
190130-100002-437599-806141979_resampled,1193
181208-053002-437599-806141979_resampled,1194
190203-040002-437599-806141979_resampled,1195
190116-070002-437599-806141979_resampled,1196
190109-190002-437599-806141979_resampled,1197
190213-143002-437599-806141979_resampled,1198
190106-173002-437599-806141979_resampled,1199
190208-220002-437599-806141979_resampled,1200
190210-010002-437599-806141979_resampled,1201
181214-023002-437599-806141979_resampled,1202
190107-100002-437599-806141979_resampled,1203
190212-130002-437599-806141979_resampled,1204
190104-053002-437599-806141979_resampled,1205
190121-070002-437599-806141979_resampled,1206
181231-190002-437599-806141979_resampled,1207
181217-023002-437599-806141979_resampled,1208
190213-010002-437599-806141979_resampled,1209
190105-173002-437599-806141979_resampled,1210
190210-143002-437599-806141979_resampled,1211
190122-070002-437599-806141979_resampled,1212
190107-053002-437599-806141979_resampled,1213
190211-130002-437599-806141979_resampled,1214
190104-100002-437599-806141979_resampled,1215
181219-070002-437599-806141979_resampled,1216
181206-190002-437599-806141979_resampled,1217
190219-203002-437599-806141979_resampled,1218
181220-023002-437599-806141979_resampled,1219
181209-173002-437599-806141979_resampled,1220
190224-010002-437599-806141979_resampled,1221
190202-160002-437599-806141979_resampled,1222
181208-100002-437599-806141979_resampled,1223
190115-070002-437599-806141979_resampled,1224
190130-053002-437599-806141979_resampled,1225
190203-113002-437599-806141979_resampled,1226
190210-130002-437599-806141979_resampled,1227
181218-070002-437599-806141979_resampled,1228
190105-100002-437599-806141979_resampled,1229
190123-070002-437599-806141979_resampled,1230
190106-053002-437599-806141979_resampled,1231
190104-173002-437599-806141979_resampled,1232
190211-143002-437599-806141979_resampled,1233
181230-190002-437599-806141979_resampled,1234
190212-010002-437599-806141979_resampled,1235
181216-023002-437599-806141979_resampled,1236
190201-083002-437599-806141979_resampled,1237
190202-113002-437599-806141979_resampled,1238
190114-070002-437599-806141979_resampled,1239
181209-100002-437599-806141979_resampled,1240
190131-053002-437599-806141979_resampled,1241
190201-040002-437599-806141979_resampled,1242
190203-160002-437599-806141979_resampled,1243
190218-203002-437599-806141979_resampled,1244
181207-190002-437599-806141979_resampled,1245
190225-010002-437599-806141979_resampled,1246
181208-173002-437599-806141979_resampled,1247
181221-023002-437599-806141979_resampled,1248
181210-023002-437599-806141979_resampled,1249
190214-010002-437599-806141979_resampled,1250
190217-143002-437599-806141979_resampled,1251
190102-173002-437599-806141979_resampled,1252
181207-233002-437599-806141979_resampled,1253
190125-070002-437599-806141979_resampled,1254
190103-100002-437599-806141979_resampled,1255
190216-130002-437599-806141979_resampled,1256
181227-023002-437599-806141979_resampled,1257
190223-010002-437599-806141979_resampled,1258
190220-143002-437599-806141979_resampled,1259
190205-160002-437599-806141979_resampled,1260
181230-233002-437599-806141979_resampled,1261
190207-040002-437599-806141979_resampled,1262
190112-070002-437599-806141979_resampled,1263
190204-113002-437599-806141979_resampled,1264
190207-083002-437599-806141979_resampled,1265
181229-070002-437599-806141979_resampled,1266
190221-130002-437599-806141979_resampled,1267
190102-100002-437599-806141979_resampled,1268
190217-130002-437599-806141979_resampled,1269
190101-053002-437599-806141979_resampled,1270
190124-070002-437599-806141979_resampled,1271
190216-143002-437599-806141979_resampled,1272
181206-233002-437599-806141979_resampled,1273
190103-173002-437599-806141979_resampled,1274
190215-010002-437599-806141979_resampled,1275
181211-023002-437599-806141979_resampled,1276
190206-083002-437599-806141979_resampled,1277
181228-070002-437599-806141979_resampled,1278
190205-113002-437599-806141979_resampled,1279
190220-130002-437599-806141979_resampled,1280
190206-040002-437599-806141979_resampled,1281
190113-070002-437599-806141979_resampled,1282
190221-143002-437599-806141979_resampled,1283
181231-233002-437599-806141979_resampled,1284
190204-160002-437599-806141979_resampled,1285
190222-010002-437599-806141979_resampled,1286
181226-023002-437599-806141979_resampled,1287
190110-070002-437599-806141979_resampled,1288
190205-040002-437599-806141979_resampled,1289
190223-130002-437599-806141979_resampled,1290
190206-113002-437599-806141979_resampled,1291
190205-083002-437599-806141979_resampled,1292
181225-023002-437599-806141979_resampled,1293
190221-010002-437599-806141979_resampled,1294
190109-233002-437599-806141979_resampled,1295
190207-160002-437599-806141979_resampled,1296
190222-143002-437599-806141979_resampled,1297
190127-070002-437599-806141979_resampled,1298
190102-053002-437599-806141979_resampled,1299
190214-130002-437599-806141979_resampled,1300
190101-100002-437599-806141979_resampled,1301
181212-023002-437599-806141979_resampled,1302
190216-010002-437599-806141979_resampled,1303
190129-023002-437599-806141979_resampled,1304
181205-233002-437599-806141979_resampled,1305
190215-143002-437599-806141979_resampled,1306
190206-160002-437599-806141979_resampled,1307
190223-143002-437599-806141979_resampled,1308
190220-010002-437599-806141979_resampled,1309
190108-233002-437599-806141979_resampled,1310
181224-023002-437599-806141979_resampled,1311
190222-130002-437599-806141979_resampled,1312
190204-083002-437599-806141979_resampled,1313
190207-113002-437599-806141979_resampled,1314
190111-070002-437599-806141979_resampled,1315
190204-040002-437599-806141979_resampled,1316
181204-233002-437599-806141979_resampled,1317
190128-023002-437599-806141979_resampled,1318
190101-173002-437599-806141979_resampled,1319
190214-143002-437599-806141979_resampled,1320
190217-010002-437599-806141979_resampled,1321
181213-023002-437599-806141979_resampled,1322
190215-130002-437599-806141979_resampled,1323
190126-070002-437599-806141979_resampled,1324
190103-053002-437599-806141979_resampled,1325
